04-02-2026 10.50,89.84666443,-54.61333466
04-02-2026 10.50,89.36999512,-54.61333466
04-02-2026 10.51,89.2833252,-54.61333466
04-02-2026 10.51,89.02333069,-54.61333466
04-02-2026 10.51,88.50332642,-54.61333466
04-02-2026 10.51,89.63000488,-54.61333466
04-02-2026 10.51,88.50332642,-54.61333466
04-02-2026 10.51,89.84666443,-54.61333466
04-02-2026 10.51,88.72000122,-54.61333466
04-02-2026 10.51,88.67666626,-54.61333466
04-02-2026 10.51,89.58666992,-54.61333466
04-02-2026 10.51,88.89332581,-54.61333466
04-02-2026 10.51,88.93666077,-54.61333466
04-02-2026 10.51,88.97999573,-54.61333466
04-02-2026 10.52,87.89666748,-54.61333466
04-02-2026 10.52,88.8500061,-54.61333466
04-02-2026 10.52,87.72332764,-54.61333466
04-02-2026 10.52,87.94000244,-54.61333466
04-02-2026 10.52,87.46333313,-54.61333466
04-02-2026 10.52,87.80999756,-54.61333466
04-02-2026 10.52,87.63667297,-54.61333466
04-02-2026 10.52,87.67999268,-54.61333466
04-02-2026 10.52,87.89666748,-54.61333466
04-02-2026 10.52,87.89666748,-54.61333466
04-02-2026 10.52,86.98666382,-54.61333466
04-02-2026 10.52,87.67999268,-54.61333466
04-02-2026 10.53,87.24665833,-54.61333466
04-02-2026 10.53,87.20333862,-54.61333466
04-02-2026 10.53,86.42332458,-54.61333466
04-02-2026 10.53,86.50999451,-54.61333466
04-02-2026 10.53,86.20666504,-54.61333466
04-02-2026 10.53,86.55332947,-54.61333466
04-02-2026 10.53,85.99000549,-54.61333466
04-02-2026 10.53,86.72666931,-54.61333466
04-02-2026 10.53,86.0333252,-54.61333466
04-02-2026 10.53,85.81666565,-54.61333466
04-02-2026 10.53,86.07666016,-54.61333466
04-02-2026 10.53,85.99000549,-54.61333466
04-02-2026 10.54,86.16333008,-54.61333466
04-02-2026 10.54,86.11999512,-54.61333466
04-02-2026 10.54,85.42666626,-54.61333466
04-02-2026 10.54,85.90333557,-54.61333466
04-02-2026 10.54,85.08000183,-54.61333466
04-02-2026 10.54,85.08000183,-54.61333466
04-02-2026 10.54,84.60333252,-54.61333466
04-02-2026 10.54,84.94999695,-54.61333466
04-02-2026 10.54,84.42999268,-54.61333466
04-02-2026 10.54,85.20999146,-54.61333466
04-02-2026 10.54,84.77667236,-54.61333466
04-02-2026 10.54,84.34333801,-54.61333466
04-02-2026 10.55,84.94999695,-54.61333466
04-02-2026 10.55,84.86332703,-54.61333466
04-02-2026 10.55,84.86332703,-54.61333466
04-02-2026 10.55,84.77667236,-54.61333466
04-02-2026 10.55,84.55999756,-54.61333466
04-02-2026 10.55,84.5166626,-54.61333466
04-02-2026 10.55,84.12666321,-54.61333466
04-02-2026 10.55,84.21333313,-54.61333466
04-02-2026 10.55,84.21333313,-54.61333466
04-02-2026 10.55,83.77999878,-54.61333466
04-02-2026 10.55,83.91000366,-54.61333466
04-02-2026 10.55,83.73666382,-54.61333466
04-02-2026 10.56,83.8666687,-54.61333466
04-02-2026 10.56,83.52000427,-54.61333466
04-02-2026 10.56,83.77999878,-54.61333466
04-02-2026 10.56,83.73666382,-54.61333466
04-02-2026 10.56,83.6499939,-54.61333466
04-02-2026 10.56,83.30332947,-54.61333466
04-02-2026 10.56,83.04333496,-54.61333466
04-02-2026 10.56,82.61000061,-54.61333466
04-02-2026 10.56,82.91333008,-54.61333466
04-02-2026 10.56,82.74000549,-54.61333466
04-02-2026 10.56,82.3500061,-54.61333466
04-02-2026 10.56,82.56666565,-54.61333466
04-02-2026 10.57,82.95666504,-54.61333466
04-02-2026 10.57,82.43666077,-54.61333466
04-02-2026 10.57,82.56666565,-54.61333466
04-02-2026 10.57,81.91667175,-54.61333466
04-02-2026 10.57,82.39332581,-54.61333466
04-02-2026 10.57,81.83000183,-54.61333466
04-02-2026 10.57,81.87333679,-54.61333466
04-02-2026 10.57,81.61332703,-54.61333466
04-02-2026 10.57,81.39666748,-54.61333466
04-02-2026 10.57,81.44000244,-54.61333466
04-02-2026 10.57,81.95999146,-54.61333466
04-02-2026 10.57,82.00332642,-54.61333466
04-02-2026 10.58,81.35333252,-54.61333466
04-02-2026 10.58,81.87333679,-54.61333466
04-02-2026 10.58,81.69999695,-54.61333466
04-02-2026 10.58,81.22332764,-54.61333466
04-02-2026 10.58,81.00666809,-54.61333466
04-02-2026 10.58,80.74665833,-54.61333466
04-02-2026 10.58,81.35333252,-54.61333466
04-02-2026 10.58,81.22332764,-54.61333466
04-02-2026 10.58,80.91999817,-54.61333466
04-02-2026 10.58,80.35665894,-54.61333466
04-02-2026 10.58,81.13667297,-54.61333466
04-02-2026 10.58,81.00666809,-54.61333466
04-02-2026 10.59,80.52999878,-54.61333466
04-02-2026 10.59,80.52999878,-54.61333466
04-02-2026 10.59,80.74665833,-54.61333466
04-02-2026 10.59,80.00999451,-54.61333466
04-02-2026 10.59,79.88000488,-54.61333466
04-02-2026 10.59,80.27000427,-54.61333466
04-02-2026 10.59,79.92332458,-54.61333466
04-02-2026 10.59,80.09666443,-54.61333466
04-02-2026 10.59,79.92332458,-54.61333466
04-02-2026 10.59,79.44667053,-54.61333466
04-02-2026 10.59,79.70666504,-54.61333466
04-02-2026 10.59,79.31666565,-54.61333466
04-02-2026 11.00,79.36000061,-54.61333466
04-02-2026 11.00,79.1000061,-54.61333466
04-02-2026 11.00,79.18666077,-54.61333466
04-02-2026 11.00,78.8833313,-54.61333466
04-02-2026 11.00,79.27333069,-54.61333466
04-02-2026 11.00,78.79666138,-54.61333466
04-02-2026 11.00,78.92666626,-54.61333466
04-02-2026 11.00,78.62333679,-54.61333466
04-02-2026 11.00,79.49000549,-54.61333466
04-02-2026 11.00,79.01333618,-54.61333466
04-02-2026 11.00,78.27667236,-54.61333466
04-02-2026 11.00,79.22999573,-54.61333466
04-02-2026 11.01,78.05999756,-54.61333466
04-02-2026 11.01,79.22999573,-54.61333466
04-02-2026 11.01,78.19000244,-54.61333466
04-02-2026 11.01,79.18666077,-54.61333466
04-02-2026 11.01,77.97332764,-54.61333466
04-02-2026 11.01,77.80000305,-54.61333466
04-02-2026 11.01,77.62666321,-54.61333466
04-02-2026 11.01,77.62666321,-54.61333466
04-02-2026 11.01,77.75666809,-54.61333466
04-02-2026 11.01,78.05999756,-54.61333466
04-02-2026 11.01,77.3666687,-54.61333466
04-02-2026 11.01,78.62333679,-54.61333466
04-02-2026 11.02,78.58000183,-54.61333466
04-02-2026 11.02,78.44999695,-54.61333466
04-02-2026 11.02,78.40666199,-54.61333466
04-02-2026 11.02,77.71333313,-54.61333466
04-02-2026 11.02,77.84333801,-54.61333466
04-02-2026 11.02,78.05999756,-54.61333466
04-02-2026 11.02,76.54333496,-54.61333466
04-02-2026 11.02,77.3666687,-54.61333466
04-02-2026 11.02,77.06333923,-54.61333466
04-02-2026 11.02,77.1499939,-54.61333466
04-02-2026 11.02,76.36999512,-54.61333466
04-02-2026 11.02,77.58332825,-54.61333466
04-02-2026 11.03,76.67333984,-54.61333466
04-02-2026 11.03,77.1499939,-54.61333466
04-02-2026 11.03,77.41000366,-54.61333466
04-02-2026 11.03,77.10665894,-54.61333466
04-02-2026 11.03,76.5,-54.61333466
04-02-2026 11.03,77.06333923,-54.61333466
04-02-2026 11.03,77.10665894,-54.61333466
04-02-2026 11.03,77.19332886,-54.61333466
04-02-2026 11.03,76.93333435,-54.61333466
04-02-2026 11.03,76.93333435,-54.61333466
04-02-2026 11.03,75.72000122,-54.61333466
04-02-2026 11.03,75.67666626,-54.61333466
04-02-2026 11.04,76.24000549,-54.61333466
04-02-2026 11.04,76.63000488,-54.61333466
04-02-2026 11.04,75.80667114,-54.61333466
04-02-2026 11.04,76.32666016,-54.61333466
04-02-2026 11.04,76.58666992,-54.61333466
04-02-2026 11.04,75.24333191,-54.61333466
04-02-2026 11.04,75.33000183,-54.61333466
04-02-2026 11.04,76.45666504,-54.61333466
04-02-2026 11.04,76.32666016,-54.61333466
04-02-2026 11.04,76.11000061,-54.61333466
04-02-2026 11.04,75.19999695,-54.61333466
04-02-2026 11.04,75.6333313,-54.61333466
04-02-2026 11.05,74.80999756,-54.61333466
04-02-2026 11.05,74.9833374,-54.61333466
04-02-2026 11.05,75.41667175,-54.61333466
04-02-2026 11.05,75.72000122,-54.61333466
04-02-2026 11.05,74.67999268,-54.61333466
04-02-2026 11.05,74.80999756,-54.61333466
04-02-2026 11.05,75.45999146,-54.61333466
04-02-2026 11.05,74.1166687,-54.61333466
04-02-2026 11.05,74.41999817,-54.61333466
04-02-2026 11.05,74.20333862,-54.61333466
04-02-2026 11.05,75.19999695,-54.61333466
04-02-2026 11.05,74.16000366,-54.61333466
04-02-2026 11.06,75.19999695,-54.61333466
04-02-2026 11.06,75.06999207,-54.61333466
04-02-2026 11.06,75.19999695,-54.61333466
04-02-2026 11.06,73.77000427,-54.61333466
04-02-2026 11.06,74.41999817,-54.61333466
04-02-2026 11.06,74.85333252,-54.61333466
04-02-2026 11.06,74.20333862,-54.61333466
04-02-2026 11.06,74.20333862,-54.61333466
04-02-2026 11.06,74.67999268,-54.61333466
04-02-2026 11.06,73.55332947,-54.61333466
04-02-2026 11.06,73.29333496,-54.61333466
04-02-2026 11.06,73.50999451,-54.61333466
04-02-2026 11.07,74.41999817,-54.61333466
04-02-2026 11.07,73.72666931,-54.61333466
04-02-2026 11.07,74.37666321,-54.61333466
04-02-2026 11.07,74.24665833,-54.61333466
04-02-2026 11.07,73.0333252,-54.61333466
04-02-2026 11.07,72.99000549,-54.61333466
04-02-2026 11.07,73.38000488,-54.61333466
04-02-2026 11.07,73.0333252,-54.61333466
04-02-2026 11.07,73.11999512,-54.61333466
04-02-2026 11.07,73.8999939,-54.61333466
04-02-2026 11.07,73.77000427,-54.61333466
04-02-2026 11.07,72.6000061,-54.61333466
04-02-2026 11.08,72.55667114,-54.61333466
04-02-2026 11.08,73.11999512,-54.61333466
04-02-2026 11.08,73.0333252,-54.61333466
04-02-2026 11.08,73.55332947,-54.61333466
04-02-2026 11.08,73.55332947,-54.61333466
04-02-2026 11.08,72.81666565,-54.61333466
04-02-2026 11.08,73.46665955,-54.61333466
04-02-2026 11.08,73.20666504,-54.61333466
04-02-2026 11.08,72.16667175,-54.61333466
04-02-2026 11.08,72.08000183,-54.61333466
04-02-2026 11.08,73.16333008,-54.61333466
04-02-2026 11.08,72.08000183,-54.61333466
04-02-2026 11.09,72.25332642,-54.61333466
04-02-2026 11.09,72.86000061,-54.61333466
04-02-2026 11.09,72.51333618,-54.61333466
04-02-2026 11.09,71.7333374,-54.61333466
04-02-2026 11.09,72.16667175,-54.61333466
04-02-2026 11.09,72.51333618,-54.61333466
04-02-2026 11.09,71.86332703,-54.61333466
04-02-2026 11.09,71.99333191,-54.61333466
04-02-2026 11.09,71.38667297,-54.61333466
04-02-2026 11.09,71.60333252,-54.61333466
04-02-2026 11.09,72.3833313,-54.61333466
04-02-2026 11.09,71.81999207,-54.61333466
04-02-2026 11.10,72.29666138,-54.61333466
04-02-2026 11.10,71.08332825,-54.61333466
04-02-2026 11.10,71.21333313,-54.61333466
04-02-2026 11.10,71.25666809,-54.61333466
04-02-2026 11.10,71.99333191,-54.61333466
04-02-2026 11.10,70.91000366,-54.61333466
04-02-2026 11.10,71.21333313,-54.61333466
04-02-2026 11.10,71.99333191,-54.61333466
04-02-2026 11.10,71.7333374,-54.61333466
04-02-2026 11.10,71.90666199,-54.61333466
04-02-2026 11.10,70.69332886,-54.61333466
04-02-2026 11.10,70.43333435,-54.61333466
04-02-2026 11.11,71.60333252,-54.61333466
04-02-2026 11.11,71.60333252,-54.61333466
04-02-2026 11.11,71.21333313,-54.61333466
04-02-2026 11.11,70.30332947,-54.61333466
04-02-2026 11.11,70.43333435,-54.61333466
04-02-2026 11.11,71.34333801,-54.61333466
04-02-2026 11.11,71.38667297,-54.61333466
04-02-2026 11.11,70.21665955,-54.61333466
04-02-2026 11.11,69.91333008,-54.61333466
04-02-2026 11.11,71.12666321,-54.61333466
04-02-2026 11.11,70.77999878,-54.61333466
04-02-2026 11.11,71.12666321,-54.61333466
04-02-2026 11.12,70.95333862,-54.61333466
04-02-2026 11.12,70,-54.61333466
04-02-2026 11.12,70.43333435,-54.61333466
04-02-2026 11.12,69.86999512,-54.61333466
04-02-2026 11.12,69.69667053,-54.61333466
04-02-2026 11.12,70.69332886,-54.61333466
04-02-2026 11.12,70.25999451,-54.61333466
04-02-2026 11.12,69.86999512,-54.61333466
04-02-2026 11.12,70.34666443,-54.61333466
04-02-2026 11.12,69.39332581,-54.61333466
04-02-2026 11.12,70.47666931,-54.61333466
04-02-2026 11.12,69.52333069,-54.61333466
04-02-2026 11.13,70.38999939,-54.61333466
04-02-2026 11.13,69.22000122,-54.61333466
04-02-2026 11.13,70.17333984,-54.61333466
04-02-2026 11.13,69.91333008,-54.61333466
04-02-2026 11.13,68.83000183,-54.61333466
04-02-2026 11.13,69.56666565,-54.61333466
04-02-2026 11.13,68.91667175,-54.61333466
04-02-2026 11.13,70,-54.61333466
04-02-2026 11.13,68.83000183,-54.61333466
04-02-2026 11.13,69.91333008,-54.61333466
04-02-2026 11.13,68.83000183,-54.61333466
04-02-2026 11.13,69.08999634,-54.61333466
04-02-2026 11.14,69.69667053,-54.61333466
04-02-2026 11.14,69.69667053,-54.61333466
04-02-2026 11.14,68.91667175,-54.61333466
04-02-2026 11.14,68.56999207,-54.61333466
04-02-2026 11.14,68.39666748,-54.61333466
04-02-2026 11.14,68.95999146,-54.61333466
04-02-2026 11.14,68.65666199,-54.61333466
04-02-2026 11.14,69.3500061,-54.61333466
04-02-2026 11.14,68.4833374,-54.61333466
04-02-2026 11.14,69.26333618,-54.61333466
04-02-2026 11.14,68.22332764,-54.61333466
04-02-2026 11.14,68.4833374,-54.61333466
04-02-2026 11.15,69.17666626,-54.61333466
04-02-2026 11.15,68.39666748,-54.61333466
04-02-2026 11.15,68.30999756,-54.61333466
04-02-2026 11.15,68.4833374,-54.61333466
04-02-2026 11.15,67.91999817,-54.61333466
04-02-2026 11.15,68.91667175,-54.61333466
04-02-2026 11.15,67.74666595,-54.61333466
04-02-2026 11.15,67.74666595,-54.61333466
04-02-2026 11.15,68.65666199,-54.61333466
04-02-2026 11.15,67.79000092,-54.61333466
04-02-2026 11.15,67.65999603,-54.61333466
04-02-2026 11.15,67.96333313,-54.61333466
04-02-2026 11.16,68.61332703,-54.61333466
04-02-2026 11.16,68.09333801,-54.61333466
04-02-2026 11.16,68.56999207,-54.61333466
04-02-2026 11.16,67.6166687,-54.61333466
04-02-2026 11.16,67.48666382,-54.61333466
04-02-2026 11.16,67.18333435,-54.61333466
04-02-2026 11.16,67.09666443,-54.61333466
04-02-2026 11.16,68.13667297,-54.61333466
04-02-2026 11.16,67.18333435,-54.61333466
04-02-2026 11.16,67.05332947,-54.61333466
04-02-2026 11.16,67.48666382,-54.61333466
04-02-2026 11.16,67.52999878,-54.61333466
04-02-2026 11.17,67.91999817,-54.61333466
04-02-2026 11.17,67.96333313,-54.61333466
04-02-2026 11.17,67.01000214,-54.61333466
04-02-2026 11.17,67.87666321,-54.61333466
04-02-2026 11.17,66.79333496,-54.61333466
04-02-2026 11.17,67.79000092,-54.61333466
04-02-2026 11.17,66.62000275,-54.61333466
04-02-2026 11.17,67.57333374,-54.61333466
04-02-2026 11.17,66.53333282,-54.61333466
04-02-2026 11.17,66.96666718,-54.61333466
04-02-2026 11.17,66.92333221,-54.61333466
04-02-2026 11.17,66.79333496,-54.61333466
04-02-2026 11.18,66.4466629,-54.61333466
04-02-2026 11.18,66.40333557,-54.61333466
04-02-2026 11.18,66.22999573,-54.61333466
04-02-2026 11.18,66.14333344,-54.61333466
04-02-2026 11.18,66.92333221,-54.61333466
04-02-2026 11.18,66.05666351,-54.61333466
04-02-2026 11.18,66.83666229,-54.61333466
04-02-2026 11.18,65.97000122,-54.61333466
04-02-2026 11.18,66.01332855,-54.61333466
04-02-2026 11.18,65.92666626,-54.61333466
04-02-2026 11.18,66.01332855,-54.61333466
04-02-2026 11.18,65.97000122,-54.61333466
04-02-2026 11.19,66.36000061,-54.61333466
04-02-2026 11.19,66.31666565,-54.61333466
04-02-2026 11.19,66.62000275,-54.61333466
04-02-2026 11.19,66.4466629,-54.61333466
04-02-2026 11.19,66.4466629,-54.61333466
04-02-2026 11.19,66.31666565,-54.61333466
04-02-2026 11.19,65.75333405,-54.61333466
04-02-2026 11.19,65.62332916,-54.61333466
04-02-2026 11.19,65.97000122,-54.61333466
04-02-2026 11.19,65.27666473,-54.61333466
04-02-2026 11.19,66.01332855,-54.61333466
04-02-2026 11.19,65.53666687,-54.61333466
04-02-2026 11.20,65.36333466,-54.61333466
04-02-2026 11.20,66.22999573,-54.61333466
04-02-2026 11.20,66.27333069,-54.61333466
04-02-2026 11.20,65.36333466,-54.61333466
04-02-2026 11.20,66.31666565,-54.61333466
04-02-2026 11.20,65.05999756,-54.61333466
04-02-2026 11.20,65.92666626,-54.61333466
04-02-2026 11.20,65.75333405,-54.61333466
04-02-2026 11.20,65.10333252,-54.61333466
04-02-2026 11.20,64.93000031,-54.61333466
04-02-2026 11.20,64.79999542,-54.61333466
04-02-2026 11.20,64.93000031,-54.61333466
04-02-2026 11.21,65.79666901,-54.61333466
04-02-2026 11.21,65.8833313,-54.61333466
04-02-2026 11.21,65.14666748,-54.61333466
04-02-2026 11.21,64.54000092,-54.61333466
04-02-2026 11.21,64.84333038,-54.61333466
04-02-2026 11.21,65.49333191,-54.61333466
04-02-2026 11.21,65.53666687,-54.61333466
04-02-2026 11.21,64.93000031,-54.61333466
04-02-2026 11.21,65.58000183,-54.61333466
04-02-2026 11.21,65.44999695,-54.61333466
04-02-2026 11.21,64.45333099,-54.61333466
04-02-2026 11.21,64.32333374,-54.61333466
04-02-2026 11.22,64.93000031,-54.61333466
04-02-2026 11.22,64.84333038,-54.61333466
04-02-2026 11.22,64.23666382,-54.61333466
04-02-2026 11.22,65.31999969,-54.61333466
04-02-2026 11.22,64.3666687,-54.61333466
04-02-2026 11.22,65.19000244,-54.61333466
04-02-2026 11.22,64.23666382,-54.61333466
04-02-2026 11.22,65.19000244,-54.61333466
04-02-2026 11.22,64.97333527,-54.61333466
04-02-2026 11.22,65.0166626,-54.61333466
04-02-2026 11.22,64.84333038,-54.61333466
04-02-2026 11.22,63.84666443,-54.61333466
04-02-2026 11.23,64.79999542,-54.61333466
04-02-2026 11.23,63.76000214,-54.61333466
04-02-2026 11.23,64.45333099,-54.61333466
04-02-2026 11.23,64.10666656,-54.61333466
04-02-2026 11.23,64.15000153,-54.61333466
04-02-2026 11.23,63.88999939,-54.61333466
04-02-2026 11.23,64.66999817,-54.61333466
04-02-2026 11.23,63.58666229,-54.61333466
04-02-2026 11.23,64.10666656,-54.61333466
04-02-2026 11.23,63.41333008,-54.61333466
04-02-2026 11.23,63.37000275,-54.61333466
04-02-2026 11.23,63.37000275,-54.61333466
04-02-2026 11.24,63.45666504,-54.61333466
04-02-2026 11.24,63.58666229,-54.61333466
04-02-2026 11.24,63.84666443,-54.61333466
04-02-2026 11.24,64.32333374,-54.61333466
04-02-2026 11.24,64.23666382,-54.61333466
04-02-2026 11.24,64.27999878,-54.61333466
04-02-2026 11.24,64.23666382,-54.61333466
04-02-2026 11.24,64.01999664,-54.61333466
04-02-2026 11.24,62.97999573,-54.61333466
04-02-2026 11.24,63.71666718,-54.61333466
04-02-2026 11.24,62.9366684,-54.61333466
04-02-2026 11.24,63.97666931,-54.61333466
04-02-2026 11.25,63.97666931,-54.61333466
04-02-2026 11.25,63.93333435,-54.61333466
04-02-2026 11.25,63.84666443,-54.61333466
04-02-2026 11.25,63.1966629,-54.61333466
04-02-2026 11.25,62.84999847,-54.61333466
04-02-2026 11.25,63.80332947,-54.61333466
04-02-2026 11.25,62.6333313,-54.61333466
04-02-2026 11.25,62.58999634,-54.61333466
04-02-2026 11.25,62.58999634,-54.61333466
04-02-2026 11.25,62.58999634,-54.61333466
04-02-2026 11.25,62.54666901,-54.61333466
04-02-2026 11.25,62.50333405,-54.61333466
04-02-2026 11.26,63.15333557,-54.61333466
04-02-2026 11.26,62.54666901,-54.61333466
04-02-2026 11.26,62.72000122,-54.61333466
04-02-2026 11.26,62.72000122,-54.61333466
04-02-2026 11.26,62.6333313,-54.61333466
04-02-2026 11.26,62.19999695,-54.61333466
04-02-2026 11.26,62.6333313,-54.61333466
04-02-2026 11.26,62.15666199,-54.61333466
04-02-2026 11.26,62.72000122,-54.61333466
04-02-2026 11.26,62.06999969,-54.61333466
04-02-2026 11.26,62.67666626,-54.61333466
04-02-2026 11.26,62.15666199,-54.61333466
04-02-2026 11.27,62.02666473,-54.61333466
04-02-2026 11.27,62.54666901,-54.61333466
04-02-2026 11.27,62.28666687,-54.61333466
04-02-2026 11.27,62.28666687,-54.61333466
04-02-2026 11.27,62.72000122,-54.61333466
04-02-2026 11.27,62.02666473,-54.61333466
04-02-2026 11.27,62.76332855,-54.61333466
04-02-2026 11.27,61.85333252,-54.61333466
04-02-2026 11.27,62.58999634,-54.61333466
04-02-2026 11.27,61.94000244,-54.61333466
04-02-2026 11.27,61.63666534,-54.61333466
04-02-2026 11.27,62.28666687,-54.61333466
04-02-2026 11.28,62.50333405,-54.61333466
04-02-2026 11.28,62.45999908,-54.61333466
04-02-2026 11.28,62.37332916,-54.61333466
04-02-2026 11.28,61.37666321,-54.61333466
04-02-2026 11.28,61.33333588,-54.61333466
04-02-2026 11.28,62.28666687,-54.61333466
04-02-2026 11.28,61.20333099,-54.61333466
04-02-2026 11.28,62.24333191,-54.61333466
04-02-2026 11.28,62.24333191,-54.61333466
04-02-2026 11.28,62.24333191,-54.61333466
04-02-2026 11.28,61.68000031,-54.61333466
04-02-2026 11.28,62.19999695,-54.61333466
04-02-2026 11.29,62.15666199,-54.61333466
04-02-2026 11.29,61.20333099,-54.61333466
04-02-2026 11.29,61.15999603,-54.61333466
04-02-2026 11.29,61.37666321,-54.61333466
04-02-2026 11.29,61.33333588,-54.61333466
04-02-2026 11.29,62.06999969,-54.61333466
04-02-2026 11.29,61.98332977,-54.61333466
04-02-2026 11.29,60.98666382,-54.61333466
04-02-2026 11.29,61.15999603,-54.61333466
04-02-2026 11.29,61.89666748,-54.61333466
04-02-2026 11.29,61.15999603,-54.61333466
04-02-2026 11.29,60.90000153,-54.61333466
04-02-2026 11.30,61.63666534,-54.61333466
04-02-2026 11.30,60.98666382,-54.61333466
04-02-2026 11.30,60.63999939,-54.61333466
04-02-2026 11.30,61.33333588,-54.61333466
04-02-2026 11.30,61.54999542,-54.61333466
04-02-2026 11.30,60.85666656,-54.61333466
04-02-2026 11.30,60.55332947,-54.61333466
04-02-2026 11.30,61.41999817,-54.61333466
04-02-2026 11.30,61.54999542,-54.61333466
04-02-2026 11.30,60.72666931,-54.61333466
04-02-2026 11.30,60.33666229,-54.61333466
04-02-2026 11.30,60.63999939,-54.61333466
04-02-2026 11.31,60.85666656,-54.61333466
04-02-2026 11.31,61.29000092,-54.61333466
04-02-2026 11.31,60.37999725,-54.61333466
04-02-2026 11.31,60.16333008,-54.61333466
04-02-2026 11.31,60.90000153,-54.61333466
04-02-2026 11.31,61.24666595,-54.61333466
04-02-2026 11.31,60.25,-54.61333466
04-02-2026 11.31,61.07333374,-54.61333466
04-02-2026 11.31,60.98666382,-54.61333466
04-02-2026 11.31,59.98999786,-54.61333466
04-02-2026 11.31,60.07666779,-54.61333466
04-02-2026 11.31,59.90333557,-54.61333466
04-02-2026 11.32,60.29333496,-54.61333466
04-02-2026 11.32,60.85666656,-54.61333466
04-02-2026 11.32,59.86000061,-54.61333466
04-02-2026 11.32,59.72999573,-54.61333466
04-02-2026 11.32,60.68333435,-54.61333466
04-02-2026 11.32,60.72666931,-54.61333466
04-02-2026 11.32,59.6866684,-54.61333466
04-02-2026 11.32,60.59666443,-54.61333466
04-02-2026 11.32,59.86000061,-54.61333466
04-02-2026 11.32,60.51000214,-54.61333466
04-02-2026 11.32,59.55666351,-54.61333466
04-02-2026 11.32,60.07666779,-54.61333466
04-02-2026 11.33,59.64333344,-54.61333466
04-02-2026 11.33,60.16333008,-54.61333466
04-02-2026 11.33,60.51000214,-54.61333466
04-02-2026 11.33,59.59999847,-54.61333466
04-02-2026 11.33,59.33999634,-54.61333466
04-02-2026 11.33,59.98999786,-54.61333466
04-02-2026 11.33,59.47000122,-54.61333466
04-02-2026 11.33,59.90333557,-54.61333466
04-02-2026 11.33,59.98999786,-54.61333466
04-02-2026 11.33,59.33999634,-54.61333466
04-02-2026 11.33,59.55666351,-54.61333466
04-02-2026 11.33,59.03666687,-54.61333466
04-02-2026 11.34,59.16666412,-54.61333466
04-02-2026 11.34,60.16333008,-54.61333466
04-02-2026 11.34,59.72999573,-54.61333466
04-02-2026 11.34,59.25333405,-54.61333466
04-02-2026 11.34,59.77333069,-54.61333466
04-02-2026 11.34,59.16666412,-54.61333466
04-02-2026 11.34,58.90666199,-54.61333466
04-02-2026 11.34,59.90333557,-54.61333466
04-02-2026 11.34,59.86000061,-54.61333466
04-02-2026 11.34,59.77333069,-54.61333466
04-02-2026 11.34,58.90666199,-54.61333466
04-02-2026 11.34,58.86333466,-54.61333466
04-02-2026 11.35,58.81999969,-54.61333466
04-02-2026 11.35,58.64666748,-54.61333466
04-02-2026 11.35,59.08000183,-54.61333466
04-02-2026 11.35,59.03666687,-54.61333466
04-02-2026 11.35,59.42666626,-54.61333466
04-02-2026 11.35,58.64666748,-54.61333466
04-02-2026 11.35,58.43000031,-54.61333466
04-02-2026 11.35,59.33999634,-54.61333466
04-02-2026 11.35,59.51333618,-54.61333466
04-02-2026 11.35,58.60333252,-54.61333466
04-02-2026 11.35,58.38666534,-54.61333466
04-02-2026 11.35,59.03666687,-54.61333466
04-02-2026 11.36,58.21333313,-54.61333466
04-02-2026 11.36,58.25666809,-54.61333466
04-02-2026 11.36,59.16666412,-54.61333466
04-02-2026 11.36,58.94999695,-54.61333466
04-02-2026 11.36,58.21333313,-54.61333466
04-02-2026 11.36,58.60333252,-54.61333466
04-02-2026 11.36,58.08333588,-54.61333466
04-02-2026 11.36,59.12332916,-54.61333466
04-02-2026 11.36,59.12332916,-54.61333466
04-02-2026 11.36,57.99666595,-54.61333466
04-02-2026 11.36,58.38666534,-54.61333466
04-02-2026 11.36,58.99333191,-54.61333466
04-02-2026 11.37,58.5166626,-54.61333466
04-02-2026 11.37,58.77666473,-54.61333466
04-02-2026 11.37,58.34333038,-54.61333466
04-02-2026 11.37,58.38666534,-54.61333466
04-02-2026 11.37,57.8666687,-54.61333466
04-02-2026 11.37,57.82333374,-54.61333466
04-02-2026 11.37,58.55999756,-54.61333466
04-02-2026 11.37,58.29999542,-54.61333466
04-02-2026 11.37,58.04000092,-54.61333466
04-02-2026 11.37,57.65000153,-54.61333466
04-02-2026 11.37,57.60666656,-54.61333466
04-02-2026 11.37,58.43000031,-54.61333466
04-02-2026 11.38,58.29999542,-54.61333466
04-02-2026 11.38,58.60333252,-54.61333466
04-02-2026 11.38,57.8666687,-54.61333466
04-02-2026 11.38,57.60666656,-54.61333466
04-02-2026 11.38,58.60333252,-54.61333466
04-02-2026 11.38,58.5166626,-54.61333466
04-02-2026 11.38,58.21333313,-54.61333466
04-02-2026 11.38,58.04000092,-54.61333466
04-02-2026 11.38,57.34666443,-54.61333466
04-02-2026 11.38,58.29999542,-54.61333466
04-02-2026 11.38,58.16999817,-54.61333466
04-02-2026 11.38,57.26000214,-54.61333466
04-02-2026 11.39,57.73666382,-54.61333466
04-02-2026 11.39,58.16999817,-54.61333466
04-02-2026 11.39,58.25666809,-54.61333466
04-02-2026 11.39,57.26000214,-54.61333466
04-02-2026 11.39,57.12999725,-54.61333466
04-02-2026 11.39,58.04000092,-54.61333466
04-02-2026 11.39,57.08666229,-54.61333466
04-02-2026 11.39,57.5633316,-54.61333466
04-02-2026 11.39,57.65000153,-54.61333466
04-02-2026 11.39,57.04333496,-54.61333466
04-02-2026 11.39,57.95333099,-54.61333466
04-02-2026 11.39,57.17333221,-54.61333466
04-02-2026 11.40,56.95666504,-54.61333466
04-02-2026 11.40,57.12999725,-54.61333466
04-02-2026 11.40,57.8666687,-54.61333466
04-02-2026 11.40,57.69332886,-54.61333466
04-02-2026 11.40,57.77999878,-54.61333466
04-02-2026 11.40,56.6966629,-54.61333466
04-02-2026 11.40,56.65333557,-54.61333466
04-02-2026 11.40,57.73666382,-54.61333466
04-02-2026 11.40,56.82666779,-54.61333466
04-02-2026 11.40,57.08666229,-54.61333466
04-02-2026 11.40,57.51999664,-54.61333466
04-02-2026 11.40,57.17333221,-54.61333466
04-02-2026 11.41,56.65333557,-54.61333466
04-02-2026 11.41,56.87000275,-54.61333466
04-02-2026 11.41,57.60666656,-54.61333466
04-02-2026 11.41,57.08666229,-54.61333466
04-02-2026 11.41,56.61000061,-54.61333466
04-02-2026 11.41,56.34999847,-54.61333466
04-02-2026 11.41,57.17333221,-54.61333466
04-02-2026 11.41,57.21666718,-54.61333466
04-02-2026 11.41,56.95666504,-54.61333466
04-02-2026 11.41,56.26333618,-54.61333466
04-02-2026 11.41,56.26333618,-54.61333466
04-02-2026 11.41,56.6966629,-54.61333466
04-02-2026 11.42,56.26333618,-54.61333466
04-02-2026 11.42,56.17666626,-54.61333466
04-02-2026 11.42,57.21666718,-54.61333466
04-02-2026 11.42,56.22000122,-54.61333466
04-02-2026 11.42,56.08999634,-54.61333466
04-02-2026 11.42,56.78333282,-54.61333466
04-02-2026 11.42,57.12999725,-54.61333466
04-02-2026 11.42,56.26333618,-54.61333466
04-02-2026 11.42,56.00333405,-54.61333466
04-02-2026 11.42,57.04333496,-54.61333466
04-02-2026 11.42,57,-54.61333466
04-02-2026 11.42,56.00333405,-54.61333466
04-02-2026 11.43,56.17666626,-54.61333466
04-02-2026 11.43,56.26333618,-54.61333466
04-02-2026 11.43,56.73999786,-54.61333466
04-02-2026 11.43,56.52333069,-54.61333466
04-02-2026 11.43,56.78333282,-54.61333466
04-02-2026 11.43,56.78333282,-54.61333466
04-02-2026 11.43,55.69999695,-54.61333466
04-02-2026 11.43,56.73999786,-54.61333466
04-02-2026 11.43,55.74333191,-54.61333466
04-02-2026 11.43,55.48332977,-54.61333466
04-02-2026 11.43,56.61000061,-54.61333466
04-02-2026 11.43,55.95999908,-54.61333466
04-02-2026 11.44,56.47999573,-54.61333466
04-02-2026 11.44,55.74333191,-54.61333466
04-02-2026 11.44,55.44000244,-54.61333466
04-02-2026 11.44,56.47999573,-54.61333466
04-02-2026 11.44,56.52333069,-54.61333466
04-02-2026 11.44,55.44000244,-54.61333466
04-02-2026 11.44,55.87332916,-54.61333466
04-02-2026 11.44,56.30666351,-54.61333466
04-02-2026 11.44,56.34999847,-54.61333466
04-02-2026 11.44,55.44000244,-54.61333466
04-02-2026 11.44,55.2666626,-54.61333466
04-02-2026 11.44,55.2666626,-54.61333466
04-02-2026 11.45,56.26333618,-54.61333466
04-02-2026 11.45,55.65666199,-54.61333466
04-02-2026 11.45,55.87332916,-54.61333466
04-02-2026 11.45,56.04666901,-54.61333466
04-02-2026 11.45,55.83000183,-54.61333466
04-02-2026 11.45,55.09333038,-54.61333466
04-02-2026 11.45,56.17666626,-54.61333466
04-02-2026 11.45,56.08999634,-54.61333466
04-02-2026 11.45,56.04666901,-54.61333466
04-02-2026 11.45,54.96333313,-54.61333466
04-02-2026 11.45,55.91666412,-54.61333466
04-02-2026 11.45,55.65666199,-54.61333466
04-02-2026 11.46,54.83333588,-54.61333466
04-02-2026 11.46,54.83333588,-54.61333466
04-02-2026 11.46,55.78666687,-54.61333466
04-02-2026 11.46,54.74666595,-54.61333466
04-02-2026 11.46,55.61333466,-54.61333466
04-02-2026 11.46,55.35333252,-54.61333466
04-02-2026 11.46,54.74666595,-54.61333466
04-02-2026 11.46,55.83000183,-54.61333466
04-02-2026 11.46,55.74333191,-54.61333466
04-02-2026 11.46,55.35333252,-54.61333466
04-02-2026 11.46,55.2666626,-54.61333466
04-02-2026 11.46,54.6166687,-54.61333466
04-02-2026 11.47,54.52999878,-54.61333466
04-02-2026 11.47,55.44000244,-54.61333466
04-02-2026 11.47,54.48666382,-54.61333466
04-02-2026 11.47,54.79000092,-54.61333466
04-02-2026 11.47,54.48666382,-54.61333466
04-02-2026 11.47,55.35333252,-54.61333466
04-02-2026 11.47,55.09333038,-54.61333466
04-02-2026 11.47,54.48666382,-54.61333466
04-02-2026 11.47,55.35333252,-54.61333466
04-02-2026 11.47,54.83333588,-54.61333466
04-02-2026 11.47,54.91999817,-54.61333466
04-02-2026 11.47,54.96333313,-54.61333466
04-02-2026 11.48,55.09333038,-54.61333466
04-02-2026 11.48,54.13999939,-54.61333466
04-02-2026 11.48,54.70333099,-54.61333466
04-02-2026 11.48,54.65999603,-54.61333466
04-02-2026 11.48,54.13999939,-54.61333466
04-02-2026 11.48,54.13999939,-54.61333466
04-02-2026 11.48,54.57333374,-54.61333466
04-02-2026 11.48,54.65999603,-54.61333466
04-02-2026 11.48,55.09333038,-54.61333466
04-02-2026 11.48,54.05332947,-54.61333466
04-02-2026 11.48,53.96666718,-54.61333466
04-02-2026 11.48,55.00666809,-54.61333466
04-02-2026 11.49,53.96666718,-54.61333466
04-02-2026 11.49,53.92333221,-54.61333466
04-02-2026 11.49,53.92333221,-54.61333466
04-02-2026 11.49,54.83333588,-54.61333466
04-02-2026 11.49,53.92333221,-54.61333466
04-02-2026 11.49,54.3133316,-54.61333466
04-02-2026 11.49,54.87666321,-54.61333466
04-02-2026 11.49,54.09666443,-54.61333466
04-02-2026 11.49,54.01000214,-54.61333466
04-02-2026 11.49,54.01000214,-54.61333466
04-02-2026 11.49,54.13999939,-54.61333466
04-02-2026 11.49,53.79333496,-54.61333466
04-02-2026 11.50,54.52999878,-54.61333466
04-02-2026 11.50,53.79333496,-54.61333466
04-02-2026 11.50,54.70333099,-54.61333466
04-02-2026 11.50,53.75,-54.61333466
04-02-2026 11.50,54.09666443,-54.61333466
04-02-2026 11.50,54.40000153,-54.61333466
04-02-2026 11.50,54.6166687,-54.61333466
04-02-2026 11.50,53.79333496,-54.61333466
04-02-2026 11.50,54.52999878,-54.61333466
04-02-2026 11.50,54.09666443,-54.61333466
04-02-2026 11.50,53.36000061,-54.61333466
04-02-2026 11.50,53.4466629,-54.61333466
04-02-2026 11.51,54.44332886,-54.61333466
04-02-2026 11.51,53.40333557,-54.61333466
04-02-2026 11.51,53.31666565,-54.61333466
04-02-2026 11.51,53.79333496,-54.61333466
04-02-2026 11.51,54.35666656,-54.61333466
04-02-2026 11.51,53.62000275,-54.61333466
04-02-2026 11.51,53.79333496,-54.61333466
04-02-2026 11.51,54.01000214,-54.61333466
04-02-2026 11.51,53.79333496,-54.61333466
04-02-2026 11.51,53.14333344,-54.61333466
04-02-2026 11.51,54.22666931,-54.61333466
04-02-2026 11.51,54.18333435,-54.61333466
04-02-2026 11.52,53.48999786,-54.61333466
04-02-2026 11.52,52.97000122,-54.61333466
04-02-2026 11.52,53.96666718,-54.61333466
04-02-2026 11.52,52.97000122,-54.61333466
04-02-2026 11.52,52.97000122,-54.61333466
04-02-2026 11.52,54.05332947,-54.61333466
04-02-2026 11.52,53.96666718,-54.61333466
04-02-2026 11.52,53.40333557,-54.61333466
04-02-2026 11.52,53.70666504,-54.61333466
04-02-2026 11.52,53.09999847,-54.61333466
04-02-2026 11.52,53.48999786,-54.61333466
04-02-2026 11.52,53.83666229,-54.61333466
04-02-2026 11.53,52.83999634,-54.61333466
04-02-2026 11.53,53.22999573,-54.61333466
04-02-2026 11.53,53.4466629,-54.61333466
04-02-2026 11.53,52.83999634,-54.61333466
04-02-2026 11.53,53.4466629,-54.61333466
04-02-2026 11.53,53.66333008,-54.61333466
04-02-2026 11.53,53.57666779,-54.61333466
04-02-2026 11.53,53.66333008,-54.61333466
04-02-2026 11.53,52.62332916,-54.61333466
04-02-2026 11.53,53.66333008,-54.61333466
04-02-2026 11.53,53.57666779,-54.61333466
04-02-2026 11.53,52.58000183,-54.61333466
04-02-2026 11.54,53.31666565,-54.61333466
04-02-2026 11.54,53.01333618,-54.61333466
04-02-2026 11.54,53.4466629,-54.61333466
04-02-2026 11.54,52.58000183,-54.61333466
04-02-2026 11.54,53.48999786,-54.61333466
04-02-2026 11.54,53.48999786,-54.61333466
04-02-2026 11.54,52.36333466,-54.61333466
04-02-2026 11.54,53.05666351,-54.61333466
04-02-2026 11.54,52.79666901,-54.61333466
04-02-2026 11.54,52.40666199,-54.61333466
04-02-2026 11.54,53.1866684,-54.61333466
04-02-2026 11.54,53.27333069,-54.61333466
04-02-2026 11.55,53.31666565,-54.61333466
04-02-2026 11.55,52.19000244,-54.61333466
04-02-2026 11.55,52.49333191,-54.61333466
04-02-2026 11.55,52.23332977,-54.61333466
04-02-2026 11.55,52.14666748,-54.61333466
04-02-2026 11.55,52.70999908,-54.61333466
04-02-2026 11.55,53.1866684,-54.61333466
04-02-2026 11.55,53.05666351,-54.61333466
04-02-2026 11.55,52.19000244,-54.61333466
04-02-2026 11.55,52.14666748,-54.61333466
04-02-2026 11.55,53.05666351,-54.61333466
04-02-2026 11.55,52.40666199,-54.61333466
04-02-2026 11.56,52.05999756,-54.61333466
04-02-2026 11.56,52.49333191,-54.61333466
04-02-2026 11.56,52.58000183,-54.61333466
04-02-2026 11.56,51.88666534,-54.61333466
04-02-2026 11.56,52.62332916,-54.61333466
04-02-2026 11.56,51.79999542,-54.61333466
04-02-2026 11.56,52.62332916,-54.61333466
04-02-2026 11.56,52.36333466,-54.61333466
04-02-2026 11.56,52.14666748,-54.61333466
04-02-2026 11.56,51.79999542,-54.61333466
04-02-2026 11.56,52.66666412,-54.61333466
04-02-2026 11.56,51.66999817,-54.61333466
04-02-2026 11.57,51.62666321,-54.61333466
04-02-2026 11.57,52.40666199,-54.61333466
04-02-2026 11.57,52.40666199,-54.61333466
04-02-2026 11.57,52.36333466,-54.61333466
04-02-2026 11.57,52.53666687,-54.61333466
04-02-2026 11.57,51.58333588,-54.61333466
04-02-2026 11.57,52.58000183,-54.61333466
04-02-2026 11.57,52.14666748,-54.61333466
04-02-2026 11.57,52.36333466,-54.61333466
04-02-2026 11.57,52.49333191,-54.61333466
04-02-2026 11.57,51.3666687,-54.61333466
04-02-2026 11.57,51.40999603,-54.61333466
04-02-2026 11.58,52.44999695,-54.61333466
04-02-2026 11.58,52.10333252,-54.61333466
04-02-2026 11.58,51.40999603,-54.61333466
04-02-2026 11.58,51.84333038,-54.61333466
04-02-2026 11.58,51.32333374,-54.61333466
04-02-2026 11.58,52.27666473,-54.61333466
04-02-2026 11.58,52.36333466,-54.61333466
04-02-2026 11.58,51.54000092,-54.61333466
04-02-2026 11.58,51.45333099,-54.61333466
04-02-2026 11.58,51.27999878,-54.61333466
04-02-2026 11.58,51.19332886,-54.61333466
04-02-2026 11.58,52.23332977,-54.61333466
04-02-2026 11.59,51.75666809,-54.61333466
04-02-2026 11.59,52.0166626,-54.61333466
04-02-2026 11.59,51.19332886,-54.61333466
04-02-2026 11.59,51.54000092,-54.61333466
04-02-2026 11.59,51.0633316,-54.61333466
04-02-2026 11.59,51.01999664,-54.61333466
04-02-2026 11.59,52.0166626,-54.61333466
04-02-2026 11.59,51.49666595,-54.61333466
04-02-2026 11.59,51.75666809,-54.61333466
04-02-2026 11.59,50.97666931,-54.61333466
04-02-2026 11.59,51.10666656,-54.61333466
04-02-2026 11.59,50.88999939,-54.61333466
04-02-2026 12.00,50.84666443,-54.61333466
04-02-2026 12.00,51.10666656,-54.61333466
04-02-2026 12.00,50.88999939,-54.61333466
04-02-2026 12.00,51.66999817,-54.61333466
04-02-2026 12.00,50.84666443,-54.61333466
04-02-2026 12.00,50.93333435,-54.61333466
04-02-2026 12.00,50.80332947,-54.61333466
04-02-2026 12.00,50.76000214,-54.61333466
04-02-2026 12.00,51.15000153,-54.61333466
04-02-2026 12.00,50.84666443,-54.61333466
04-02-2026 12.00,50.93333435,-54.61333466
04-02-2026 12.00,50.76000214,-54.61333466
04-02-2026 12.01,50.84666443,-54.61333466
04-02-2026 12.01,50.54333496,-54.61333466
04-02-2026 12.01,51.62666321,-54.61333466
04-02-2026 12.01,50.93333435,-54.61333466
04-02-2026 12.01,50.67333221,-54.61333466
04-02-2026 12.01,51.45333099,-54.61333466
04-02-2026 12.01,50.54333496,-54.61333466
04-02-2026 12.01,50.62999725,-54.61333466
04-02-2026 12.01,50.62999725,-54.61333466
04-02-2026 12.01,50.45666504,-54.61333466
04-02-2026 12.01,51.19332886,-54.61333466
04-02-2026 12.01,50.5,-54.61333466
04-02-2026 12.02,50.5,-54.61333466
04-02-2026 12.02,50.54333496,-54.61333466
04-02-2026 12.02,50.45666504,-54.61333466
04-02-2026 12.02,51.27999878,-54.61333466
04-02-2026 12.02,51.0633316,-54.61333466
04-02-2026 12.02,51.32333374,-54.61333466
04-02-2026 12.02,50.32666779,-54.61333466
04-02-2026 12.02,50.84666443,-54.61333466
04-02-2026 12.02,51.01999664,-54.61333466
04-02-2026 12.02,50.71666718,-54.61333466
04-02-2026 12.02,51.19332886,-54.61333466
04-02-2026 12.02,51.27999878,-54.61333466
04-02-2026 12.03,51.15000153,-54.61333466
04-02-2026 12.03,51.0633316,-54.61333466
04-02-2026 12.03,50.15333557,-54.61333466
04-02-2026 12.03,50.88999939,-54.61333466
04-02-2026 12.03,50.02333069,-54.61333466
04-02-2026 12.03,51.10666656,-54.61333466
04-02-2026 12.03,50.97666931,-54.61333466
04-02-2026 12.03,51.01999664,-54.61333466
04-02-2026 12.03,51.01999664,-54.61333466
04-02-2026 12.03,50.32666779,-54.61333466
04-02-2026 12.03,50.37000275,-54.61333466
04-02-2026 12.03,50.80332947,-54.61333466
04-02-2026 12.04,49.84999847,-54.61333466
04-02-2026 12.04,50.84666443,-54.61333466
04-02-2026 12.04,49.89333344,-54.61333466
04-02-2026 12.04,49.80666351,-54.61333466
04-02-2026 12.04,50.41333008,-54.61333466
04-02-2026 12.04,49.76333618,-54.61333466
04-02-2026 12.04,49.76333618,-54.61333466
04-02-2026 12.04,49.80666351,-54.61333466
04-02-2026 12.04,50.76000214,-54.61333466
04-02-2026 12.04,49.72000122,-54.61333466
04-02-2026 12.04,49.84999847,-54.61333466
04-02-2026 12.04,50.62999725,-54.61333466
04-02-2026 12.05,50.11000061,-54.61333466
04-02-2026 12.05,50.1966629,-54.61333466
04-02-2026 12.05,49.6333313,-54.61333466
04-02-2026 12.05,50.1966629,-54.61333466
04-02-2026 12.05,49.89333344,-54.61333466
04-02-2026 12.05,49.58999634,-54.61333466
04-02-2026 12.05,50.62999725,-54.61333466
04-02-2026 12.05,49.45999908,-54.61333466
04-02-2026 12.05,49.6333313,-54.61333466
04-02-2026 12.05,50.11000061,-54.61333466
04-02-2026 12.05,49.45999908,-54.61333466
04-02-2026 12.05,50.5,-54.61333466
04-02-2026 12.06,49.97999573,-54.61333466
04-02-2026 12.06,49.6333313,-54.61333466
04-02-2026 12.06,50.32666779,-54.61333466
04-02-2026 12.06,49.76333618,-54.61333466
04-02-2026 12.06,49.28666687,-54.61333466
04-02-2026 12.06,49.89333344,-54.61333466
04-02-2026 12.06,49.76333618,-54.61333466
04-02-2026 12.06,50.32666779,-54.61333466
04-02-2026 12.06,49.28666687,-54.61333466
04-02-2026 12.06,49.24333191,-54.61333466
04-02-2026 12.06,50.23999786,-54.61333466
04-02-2026 12.06,49.97999573,-54.61333466
04-02-2026 12.07,49.24333191,-54.61333466
04-02-2026 12.07,49.15666199,-54.61333466
04-02-2026 12.07,49.15666199,-54.61333466
04-02-2026 12.07,49.06999969,-54.61333466
04-02-2026 12.07,50.02333069,-54.61333466
04-02-2026 12.07,49.28666687,-54.61333466
04-02-2026 12.07,49.06999969,-54.61333466
04-02-2026 12.07,49.54666901,-54.61333466
04-02-2026 12.07,49.11333466,-54.61333466
04-02-2026 12.07,49.80666351,-54.61333466
04-02-2026 12.07,49.24333191,-54.61333466
04-02-2026 12.07,49.89333344,-54.61333466
04-02-2026 12.08,49.24333191,-54.61333466
04-02-2026 12.08,48.94000244,-54.61333466
04-02-2026 12.08,49.6333313,-54.61333466
04-02-2026 12.08,48.89666748,-54.61333466
04-02-2026 12.08,49.28666687,-54.61333466
04-02-2026 12.08,49.89333344,-54.61333466
04-02-2026 12.08,49.84999847,-54.61333466
04-02-2026 12.08,48.7666626,-54.61333466
04-02-2026 12.08,48.80999756,-54.61333466
04-02-2026 12.08,49.80666351,-54.61333466
04-02-2026 12.08,49.02666473,-54.61333466
04-02-2026 12.08,48.68000031,-54.61333466
04-02-2026 12.09,49.45999908,-54.61333466
04-02-2026 12.09,49.19999695,-54.61333466
04-02-2026 12.09,48.68000031,-54.61333466
04-02-2026 12.09,49.02666473,-54.61333466
04-02-2026 12.09,49.45999908,-54.61333466
04-02-2026 12.09,49.50333405,-54.61333466
04-02-2026 12.09,48.94000244,-54.61333466
04-02-2026 12.09,48.50666809,-54.61333466
04-02-2026 12.09,48.94000244,-54.61333466
04-02-2026 12.09,49.54666901,-54.61333466
04-02-2026 12.09,49.02666473,-54.61333466
04-02-2026 12.09,48.98332977,-54.61333466
04-02-2026 12.10,49.50333405,-54.61333466
04-02-2026 12.10,48.37666321,-54.61333466
04-02-2026 12.10,48.98332977,-54.61333466
04-02-2026 12.10,48.54999542,-54.61333466
04-02-2026 12.10,48.72333527,-54.61333466
04-02-2026 12.10,48.68000031,-54.61333466
04-02-2026 12.10,49.37332916,-54.61333466
04-02-2026 12.10,49.06999969,-54.61333466
04-02-2026 12.10,49.15666199,-54.61333466
04-02-2026 12.10,49.24333191,-54.61333466
04-02-2026 12.10,48.20333099,-54.61333466
04-02-2026 12.10,48.80999756,-54.61333466
04-02-2026 12.11,48.50666809,-54.61333466
04-02-2026 12.11,48.63666534,-54.61333466
04-02-2026 12.11,48.89666748,-54.61333466
04-02-2026 12.11,49.24333191,-54.61333466
04-02-2026 12.11,48.63666534,-54.61333466
04-02-2026 12.11,48.68000031,-54.61333466
04-02-2026 12.11,48.94000244,-54.61333466
04-02-2026 12.11,48.15999603,-54.61333466
04-02-2026 12.11,48.7666626,-54.61333466
04-02-2026 12.11,48.59333038,-54.61333466
04-02-2026 12.11,48.07333374,-54.61333466
04-02-2026 12.11,49.02666473,-54.61333466
04-02-2026 12.12,49.06999969,-54.61333466
04-02-2026 12.12,47.98666382,-54.61333466
04-02-2026 12.12,48.37666321,-54.61333466
04-02-2026 12.12,49.02666473,-54.61333466
04-02-2026 12.12,47.98666382,-54.61333466
04-02-2026 12.12,48.1166687,-54.61333466
04-02-2026 12.12,48.94000244,-54.61333466
04-02-2026 12.12,48.37666321,-54.61333466
04-02-2026 12.12,47.94332886,-54.61333466
04-02-2026 12.12,48.80999756,-54.61333466
04-02-2026 12.12,48.29000092,-54.61333466
04-02-2026 12.12,48.85333252,-54.61333466
04-02-2026 12.13,48.85333252,-54.61333466
04-02-2026 12.13,47.90000153,-54.61333466
04-02-2026 12.13,47.90000153,-54.61333466
04-02-2026 12.13,48.80999756,-54.61333466
04-02-2026 12.13,47.85666656,-54.61333466
04-02-2026 12.13,48.41999817,-54.61333466
04-02-2026 12.13,47.68333435,-54.61333466
04-02-2026 12.13,47.72666931,-54.61333466
04-02-2026 12.13,47.76999664,-54.61333466
04-02-2026 12.13,47.59666443,-54.61333466
04-02-2026 12.13,48.68000031,-54.61333466
04-02-2026 12.13,47.63999939,-54.61333466
04-02-2026 12.14,48.59333038,-54.61333466
04-02-2026 12.14,48.63666534,-54.61333466
04-02-2026 12.14,48.29000092,-54.61333466
04-02-2026 12.14,47.59666443,-54.61333466
04-02-2026 12.14,48.1166687,-54.61333466
04-02-2026 12.14,47.68333435,-54.61333466
04-02-2026 12.14,48.24666595,-54.61333466
04-02-2026 12.14,47.42333221,-54.61333466
04-02-2026 12.14,48.41999817,-54.61333466
04-02-2026 12.14,47.42333221,-54.61333466
04-02-2026 12.14,48.07333374,-54.61333466
04-02-2026 12.14,47.68333435,-54.61333466
04-02-2026 12.15,48.07333374,-54.61333466
04-02-2026 12.15,47.85666656,-54.61333466
04-02-2026 12.15,47.63999939,-54.61333466
04-02-2026 12.15,47.76999664,-54.61333466
04-02-2026 12.15,47.63999939,-54.61333466
04-02-2026 12.15,47.98666382,-54.61333466
04-02-2026 12.15,47.25,-54.61333466
04-02-2026 12.15,47.33666229,-54.61333466
04-02-2026 12.15,47.29333496,-54.61333466
04-02-2026 12.15,47.16333008,-54.61333466
04-02-2026 12.15,48.1166687,-54.61333466
04-02-2026 12.15,47.16333008,-54.61333466
04-02-2026 12.16,47.25,-54.61333466
04-02-2026 12.16,47.07666779,-54.61333466
04-02-2026 12.16,47.12000275,-54.61333466
04-02-2026 12.16,47.55332947,-54.61333466
04-02-2026 12.16,47.12000275,-54.61333466
04-02-2026 12.16,48.07333374,-54.61333466
04-02-2026 12.16,47.07666779,-54.61333466
04-02-2026 12.16,47.90000153,-54.61333466
04-02-2026 12.16,47.46666718,-54.61333466
04-02-2026 12.16,47.12000275,-54.61333466
04-02-2026 12.16,47.85666656,-54.61333466
04-02-2026 12.16,46.9466629,-54.61333466
04-02-2026 12.17,47.90000153,-54.61333466
04-02-2026 12.17,46.90333557,-54.61333466
04-02-2026 12.17,47.46666718,-54.61333466
04-02-2026 12.17,47.42333221,-54.61333466
04-02-2026 12.17,47.16333008,-54.61333466
04-02-2026 12.17,47.85666656,-54.61333466
04-02-2026 12.17,47.68333435,-54.61333466
04-02-2026 12.17,47.85666656,-54.61333466
04-02-2026 12.17,46.77333069,-54.61333466
04-02-2026 12.17,47.55332947,-54.61333466
04-02-2026 12.17,47.07666779,-54.61333466
04-02-2026 12.17,47.76999664,-54.61333466
04-02-2026 12.18,46.86000061,-54.61333466
04-02-2026 12.18,47.51000214,-54.61333466
04-02-2026 12.18,47.68333435,-54.61333466
04-02-2026 12.18,46.6866684,-54.61333466
04-02-2026 12.18,47.16333008,-54.61333466
04-02-2026 12.18,47.07666779,-54.61333466
04-02-2026 12.18,46.81666565,-54.61333466
04-02-2026 12.18,47.20666504,-54.61333466
04-02-2026 12.18,46.6866684,-54.61333466
04-02-2026 12.18,47.16333008,-54.61333466
04-02-2026 12.18,47.51000214,-54.61333466
04-02-2026 12.18,47.20666504,-54.61333466
04-02-2026 12.19,46.86000061,-54.61333466
04-02-2026 12.19,47.37999725,-54.61333466
04-02-2026 12.19,46.77333069,-54.61333466
04-02-2026 12.19,46.47000122,-54.61333466
04-02-2026 12.19,46.3833313,-54.61333466
04-02-2026 12.19,47.46666718,-54.61333466
04-02-2026 12.19,46.9466629,-54.61333466
04-02-2026 12.19,46.51333618,-54.61333466
04-02-2026 12.19,47.37999725,-54.61333466
04-02-2026 12.19,46.29666901,-54.61333466
04-02-2026 12.19,46.3833313,-54.61333466
04-02-2026 12.19,46.25333405,-54.61333466
04-02-2026 12.20,46.33999634,-54.61333466
04-02-2026 12.20,46.16666412,-54.61333466
04-02-2026 12.20,47.29333496,-54.61333466
04-02-2026 12.20,46.16666412,-54.61333466
04-02-2026 12.20,47.20666504,-54.61333466
04-02-2026 12.20,46.20999908,-54.61333466
04-02-2026 12.20,46.20999908,-54.61333466
04-02-2026 12.20,46.16666412,-54.61333466
04-02-2026 12.20,46.64333344,-54.61333466
04-02-2026 12.20,47.12000275,-54.61333466
04-02-2026 12.20,46.9466629,-54.61333466
04-02-2026 12.20,46.6866684,-54.61333466
04-02-2026 12.21,46.81666565,-54.61333466
04-02-2026 12.21,46.90333557,-54.61333466
04-02-2026 12.21,46.03666687,-54.61333466
04-02-2026 12.21,45.99333191,-54.61333466
04-02-2026 12.21,47.07666779,-54.61333466
04-02-2026 12.21,47.07666779,-54.61333466
04-02-2026 12.21,46.42666626,-54.61333466
04-02-2026 12.21,45.99333191,-54.61333466
04-02-2026 12.21,46.55666351,-54.61333466
04-02-2026 12.21,45.99333191,-54.61333466
04-02-2026 12.21,46.33999634,-54.61333466
04-02-2026 12.21,46.6866684,-54.61333466
04-02-2026 12.22,46.33999634,-54.61333466
04-02-2026 12.22,46.90333557,-54.61333466
04-02-2026 12.22,46.42666626,-54.61333466
04-02-2026 12.22,45.86333466,-54.61333466
04-02-2026 12.22,46.55666351,-54.61333466
04-02-2026 12.22,46.55666351,-54.61333466
04-02-2026 12.22,46.25333405,-54.61333466
04-02-2026 12.22,46.86000061,-54.61333466
04-02-2026 12.22,46.3833313,-54.61333466
04-02-2026 12.22,46.12332916,-54.61333466
04-02-2026 12.22,45.64666748,-54.61333466
04-02-2026 12.22,46.59999847,-54.61333466
04-02-2026 12.23,46.59999847,-54.61333466
04-02-2026 12.23,45.73332977,-54.61333466
04-02-2026 12.23,45.55999756,-54.61333466
04-02-2026 12.23,46.59999847,-54.61333466
04-02-2026 12.23,46.20999908,-54.61333466
04-02-2026 12.23,45.69000244,-54.61333466
04-02-2026 12.23,45.69000244,-54.61333466
04-02-2026 12.23,45.55999756,-54.61333466
04-02-2026 12.23,45.55999756,-54.61333466
04-02-2026 12.23,45.60333252,-54.61333466
04-02-2026 12.23,46.25333405,-54.61333466
04-02-2026 12.23,45.90666962,-54.61333466
04-02-2026 12.24,46.25333405,-54.61333466
04-02-2026 12.24,46.08000183,-54.61333466
04-02-2026 12.24,45.94999695,-54.61333466
04-02-2026 12.24,45.43000031,-54.61333466
04-02-2026 12.24,45.69000244,-54.61333466
04-02-2026 12.24,45.38666534,-54.61333466
04-02-2026 12.24,45.5166626,-54.61333466
04-02-2026 12.24,46.25333405,-54.61333466
04-02-2026 12.24,45.34333038,-54.61333466
04-02-2026 12.24,46.3833313,-54.61333466
04-02-2026 12.24,46.25333405,-54.61333466
04-02-2026 12.24,46.3833313,-54.61333466
04-02-2026 12.25,45.5166626,-54.61333466
04-02-2026 12.25,46.16666412,-54.61333466
04-02-2026 12.25,45.43000031,-54.61333466
04-02-2026 12.25,45.81999969,-54.61333466
04-02-2026 12.25,45.73332977,-54.61333466
04-02-2026 12.25,45.29999542,-54.61333466
04-02-2026 12.25,46.16666412,-54.61333466
04-02-2026 12.25,46.03666687,-54.61333466
04-02-2026 12.25,46.03666687,-54.61333466
04-02-2026 12.25,45.16999817,-54.61333466
04-02-2026 12.25,46.16666412,-54.61333466
04-02-2026 12.25,46.20999908,-54.61333466
04-02-2026 12.26,45.60333252,-54.61333466
04-02-2026 12.26,45.64666748,-54.61333466
04-02-2026 12.26,45.04000092,-54.61333466
04-02-2026 12.26,44.90999603,-54.61333466
04-02-2026 12.26,45.43000031,-54.61333466
04-02-2026 12.26,45.43000031,-54.61333466
04-02-2026 12.26,45.04000092,-54.61333466
04-02-2026 12.26,45.5166626,-54.61333466
04-02-2026 12.26,45.21333313,-54.61333466
04-02-2026 12.26,45.90666962,-54.61333466
04-02-2026 12.26,45.99333191,-54.61333466
04-02-2026 12.26,44.90999603,-54.61333466
04-02-2026 12.27,44.90999603,-54.61333466
04-02-2026 12.27,45.90666962,-54.61333466
04-02-2026 12.27,45.08333588,-54.61333466
04-02-2026 12.27,45.43000031,-54.61333466
04-02-2026 12.27,45.69000244,-54.61333466
04-02-2026 12.27,45.25666809,-54.61333466
04-02-2026 12.27,45.08333588,-54.61333466
04-02-2026 12.27,45.55999756,-54.61333466
04-02-2026 12.27,45.21333313,-54.61333466
04-02-2026 12.27,44.73666382,-54.61333466
04-02-2026 12.27,45.29999542,-54.61333466
04-02-2026 12.27,45.60333252,-54.61333466
04-02-2026 12.28,45.73332977,-54.61333466
04-02-2026 12.28,44.77999878,-54.61333466
04-02-2026 12.28,44.69332886,-54.61333466
04-02-2026 12.28,45.73332977,-54.61333466
04-02-2026 12.28,45.47333527,-54.61333466
04-02-2026 12.28,45.43000031,-54.61333466
04-02-2026 12.28,44.60666656,-54.61333466
04-02-2026 12.28,45.47333527,-54.61333466
04-02-2026 12.28,44.5633316,-54.61333466
04-02-2026 12.28,45.38666534,-54.61333466
04-02-2026 12.28,44.90999603,-54.61333466
04-02-2026 12.28,44.77999878,-54.61333466
04-02-2026 12.29,45.12666321,-54.61333466
04-02-2026 12.29,45.47333527,-54.61333466
04-02-2026 12.29,44.51999664,-54.61333466
04-02-2026 12.29,44.65000153,-54.61333466
04-02-2026 12.29,44.5633316,-54.61333466
04-02-2026 12.29,45.5166626,-54.61333466
04-02-2026 12.29,45.5166626,-54.61333466
04-02-2026 12.29,44.47666931,-54.61333466
04-02-2026 12.29,45.43000031,-54.61333466
04-02-2026 12.29,44.5633316,-54.61333466
04-02-2026 12.29,44.69332886,-54.61333466
04-02-2026 12.29,44.38999939,-54.61333466
04-02-2026 12.30,44.69332886,-54.61333466
04-02-2026 12.30,44.73666382,-54.61333466
04-02-2026 12.30,45.38666534,-54.61333466
04-02-2026 12.30,45.29999542,-54.61333466
04-02-2026 12.30,44.73666382,-54.61333466
04-02-2026 12.30,45.25666809,-54.61333466
04-02-2026 12.30,45.12666321,-54.61333466
04-02-2026 12.30,44.26000214,-54.61333466
04-02-2026 12.30,44.26000214,-54.61333466
04-02-2026 12.30,44.8666687,-54.61333466
04-02-2026 12.30,44.69332886,-54.61333466
04-02-2026 12.30,45.25666809,-54.61333466
04-02-2026 12.31,45.08333588,-54.61333466
04-02-2026 12.31,44.30332947,-54.61333466
04-02-2026 12.31,44.17333221,-54.61333466
04-02-2026 12.31,44.51999664,-54.61333466
04-02-2026 12.31,44.08666229,-54.61333466
04-02-2026 12.31,44.21666718,-54.61333466
04-02-2026 12.31,44.5633316,-54.61333466
04-02-2026 12.31,44.95333099,-54.61333466
04-02-2026 12.31,44.30332947,-54.61333466
04-02-2026 12.31,44.77999878,-54.61333466
04-02-2026 12.31,44.30332947,-54.61333466
04-02-2026 12.31,44.77999878,-54.61333466
04-02-2026 12.32,44.43333435,-54.61333466
04-02-2026 12.32,44.5633316,-54.61333466
04-02-2026 12.32,44.51999664,-54.61333466
04-02-2026 12.32,44.8666687,-54.61333466
04-02-2026 12.32,44,-54.61333466
04-02-2026 12.32,44.21666718,-54.61333466
04-02-2026 12.32,43.91333008,-54.61333466
04-02-2026 12.32,43.95666504,-54.61333466
04-02-2026 12.32,43.91333008,-54.61333466
04-02-2026 12.32,43.87000275,-54.61333466
04-02-2026 12.32,44.8666687,-54.61333466
04-02-2026 12.32,44.82333374,-54.61333466
04-02-2026 12.33,44.8666687,-54.61333466
04-02-2026 12.33,44.77999878,-54.61333466
04-02-2026 12.33,44.73666382,-54.61333466
04-02-2026 12.33,44.17333221,-54.61333466
04-02-2026 12.33,44.26000214,-54.61333466
04-02-2026 12.33,43.87000275,-54.61333466
04-02-2026 12.33,44.38999939,-54.61333466
04-02-2026 12.33,43.91333008,-54.61333466
04-02-2026 12.33,44.30332947,-54.61333466
04-02-2026 12.33,43.6966629,-54.61333466
04-02-2026 12.33,44.04333496,-54.61333466
04-02-2026 12.33,44.51999664,-54.61333466
04-02-2026 12.34,44.04333496,-54.61333466
04-02-2026 12.34,44.38999939,-54.61333466
04-02-2026 12.34,44.69332886,-54.61333466
04-02-2026 12.34,44.38999939,-54.61333466
04-02-2026 12.34,44.69332886,-54.61333466
04-02-2026 12.34,44.60666656,-54.61333466
04-02-2026 12.34,44.43333435,-54.61333466
04-02-2026 12.34,44.5633316,-54.61333466
04-02-2026 12.34,43.61000061,-54.61333466
04-02-2026 12.34,44.38999939,-54.61333466
04-02-2026 12.34,44.04333496,-54.61333466
04-02-2026 12.34,44.47666931,-54.61333466
04-02-2026 12.35,44.47666931,-54.61333466
04-02-2026 12.35,44.34666443,-54.61333466
04-02-2026 12.35,43.6966629,-54.61333466
04-02-2026 12.35,43.73999786,-54.61333466
04-02-2026 12.35,44.43333435,-54.61333466
04-02-2026 12.35,44.26000214,-54.61333466
04-02-2026 12.35,44.43333435,-54.61333466
04-02-2026 12.35,44.38999939,-54.61333466
04-02-2026 12.35,43.91333008,-54.61333466
04-02-2026 12.35,44.26000214,-54.61333466
04-02-2026 12.35,43.91333008,-54.61333466
04-02-2026 12.35,43.61000061,-54.61333466
04-02-2026 12.36,44.30332947,-54.61333466
04-02-2026 12.36,43.87000275,-54.61333466
04-02-2026 12.36,44.17333221,-54.61333466
04-02-2026 12.36,44.21666718,-54.61333466
04-02-2026 12.36,43.52333069,-54.61333466
04-02-2026 12.36,43.1333313,-54.61333466
04-02-2026 12.36,43.17666626,-54.61333466
04-02-2026 12.36,44.12999725,-54.61333466
04-02-2026 12.36,43.30666351,-54.61333466
04-02-2026 12.36,43.4366684,-54.61333466
04-02-2026 12.36,43.22000122,-54.61333466
04-02-2026 12.36,43.22000122,-54.61333466
04-02-2026 12.37,43.26333618,-54.61333466
04-02-2026 12.37,44.12999725,-54.61333466
04-02-2026 12.37,43.47999573,-54.61333466
04-02-2026 12.37,43.52333069,-54.61333466
04-02-2026 12.37,43.91333008,-54.61333466
04-02-2026 12.37,44.04333496,-54.61333466
04-02-2026 12.37,43.82666779,-54.61333466
04-02-2026 12.37,43.91333008,-54.61333466
04-02-2026 12.37,42.95999908,-54.61333466
04-02-2026 12.37,43.52333069,-54.61333466
04-02-2026 12.37,43.52333069,-54.61333466
04-02-2026 12.37,43.61000061,-54.61333466
04-02-2026 12.38,43.87000275,-54.61333466
04-02-2026 12.38,43.87000275,-54.61333466
04-02-2026 12.38,43.47999573,-54.61333466
04-02-2026 12.38,43.26333618,-54.61333466
04-02-2026 12.38,43.91333008,-54.61333466
04-02-2026 12.38,43.47999573,-54.61333466
04-02-2026 12.38,42.83000183,-54.61333466
04-02-2026 12.38,43.82666779,-54.61333466
04-02-2026 12.38,43.82666779,-54.61333466
04-02-2026 12.38,42.95999908,-54.61333466
04-02-2026 12.38,42.87332916,-54.61333466
04-02-2026 12.38,42.87332916,-54.61333466
04-02-2026 12.39,43.00333405,-54.61333466
04-02-2026 12.39,42.87332916,-54.61333466
04-02-2026 12.39,43.82666779,-54.61333466
04-02-2026 12.39,42.91666412,-54.61333466
04-02-2026 12.39,43.78333282,-54.61333466
04-02-2026 12.39,43.78333282,-54.61333466
04-02-2026 12.39,42.83000183,-54.61333466
04-02-2026 12.39,43.17666626,-54.61333466
04-02-2026 12.39,43.6966629,-54.61333466
04-02-2026 12.39,43.26333618,-54.61333466
04-02-2026 12.39,43.52333069,-54.61333466
04-02-2026 12.39,42.78666687,-54.61333466
04-02-2026 12.40,43.17666626,-54.61333466
04-02-2026 12.40,42.69999695,-54.61333466
04-02-2026 12.40,43.1333313,-54.61333466
04-02-2026 12.40,43.39333344,-54.61333466
04-02-2026 12.40,42.83000183,-54.61333466
04-02-2026 12.40,43.52333069,-54.61333466
04-02-2026 12.40,42.61333466,-54.61333466
04-02-2026 12.40,43.56666565,-54.61333466
04-02-2026 12.40,43.34999847,-54.61333466
04-02-2026 12.40,43.4366684,-54.61333466
04-02-2026 12.40,43.26333618,-54.61333466
04-02-2026 12.40,43.47999573,-54.61333466
04-02-2026 12.41,42.44000244,-54.61333466
04-02-2026 12.41,42.65666962,-54.61333466
04-02-2026 12.41,42.39666748,-54.61333466
04-02-2026 12.41,42.39666748,-54.61333466
04-02-2026 12.41,43.08999634,-54.61333466
04-02-2026 12.41,43.08999634,-54.61333466
04-02-2026 12.41,43.30666351,-54.61333466
04-02-2026 12.41,42.52666473,-54.61333466
04-02-2026 12.41,42.30999756,-54.61333466
04-02-2026 12.41,43.39333344,-54.61333466
04-02-2026 12.41,42.61333466,-54.61333466
04-02-2026 12.41,42.44000244,-54.61333466
04-02-2026 12.42,43.26333618,-54.61333466
04-02-2026 12.42,42.83000183,-54.61333466
04-02-2026 12.42,42.22333527,-54.61333466
04-02-2026 12.42,42.95999908,-54.61333466
04-02-2026 12.42,43.17666626,-54.61333466
04-02-2026 12.42,42.30999756,-54.61333466
04-02-2026 12.42,42.83000183,-54.61333466
04-02-2026 12.42,42.18000031,-54.61333466
04-02-2026 12.42,42.61333466,-54.61333466
04-02-2026 12.42,43.17666626,-54.61333466
04-02-2026 12.42,42.48332977,-54.61333466
04-02-2026 12.42,42.91666412,-54.61333466
04-02-2026 12.43,42.09333038,-54.61333466
04-02-2026 12.43,42.65666962,-54.61333466
04-02-2026 12.43,42.09333038,-54.61333466
04-02-2026 12.43,42.09333038,-54.61333466
04-02-2026 12.43,42.91666412,-54.61333466
04-02-2026 12.43,42.65666962,-54.61333466
04-02-2026 12.43,42.35333252,-54.61333466
04-02-2026 12.43,42.95999908,-54.61333466
04-02-2026 12.43,42.13666534,-54.61333466
04-02-2026 12.43,42.78666687,-54.61333466
04-02-2026 12.43,42.78666687,-54.61333466
04-02-2026 12.43,42.30999756,-54.61333466
04-02-2026 12.44,42.56999969,-54.61333466
04-02-2026 12.44,42.09333038,-54.61333466
04-02-2026 12.44,42.83000183,-54.61333466
04-02-2026 12.44,41.91999817,-54.61333466
04-02-2026 12.44,42.04999542,-54.61333466
04-02-2026 12.44,41.87666321,-54.61333466
04-02-2026 12.44,42.61333466,-54.61333466
04-02-2026 12.44,42.30999756,-54.61333466
04-02-2026 12.44,41.96333313,-54.61333466
04-02-2026 12.44,42.91666412,-54.61333466
04-02-2026 12.44,41.87666321,-54.61333466
04-02-2026 12.44,42.87332916,-54.61333466
04-02-2026 12.45,42.09333038,-54.61333466
04-02-2026 12.45,41.83333588,-54.61333466
04-02-2026 12.45,42.48332977,-54.61333466
04-02-2026 12.45,41.74666595,-54.61333466
04-02-2026 12.45,42.83000183,-54.61333466
04-02-2026 12.45,41.70333099,-54.61333466
04-02-2026 12.45,42.78666687,-54.61333466
04-02-2026 12.45,41.65999603,-54.61333466
04-02-2026 12.45,42.69999695,-54.61333466
04-02-2026 12.45,41.74666595,-54.61333466
04-02-2026 12.45,41.91999817,-54.61333466
04-02-2026 12.45,42.61333466,-54.61333466
04-02-2026 12.46,42.2666626,-54.61333466
04-02-2026 12.46,41.74666595,-54.61333466
04-02-2026 12.46,42.18000031,-54.61333466
04-02-2026 12.46,41.6166687,-54.61333466
04-02-2026 12.46,41.87666321,-54.61333466
04-02-2026 12.46,42.56999969,-54.61333466
04-02-2026 12.46,41.70333099,-54.61333466
04-02-2026 12.46,42.18000031,-54.61333466
04-02-2026 12.46,41.65999603,-54.61333466
04-02-2026 12.46,42.56999969,-54.61333466
04-02-2026 12.46,42.39666748,-54.61333466
04-02-2026 12.46,42.52666473,-54.61333466
04-02-2026 12.47,42.22333527,-54.61333466
04-02-2026 12.47,42.52666473,-54.61333466
04-02-2026 12.47,42.18000031,-54.61333466
04-02-2026 12.47,41.57333374,-54.61333466
04-02-2026 12.47,41.40000153,-54.61333466
04-02-2026 12.47,41.70333099,-54.61333466
04-02-2026 12.47,41.40000153,-54.61333466
04-02-2026 12.47,41.44332886,-54.61333466
04-02-2026 12.47,41.48666382,-54.61333466
04-02-2026 12.47,42.13666534,-54.61333466
04-02-2026 12.47,41.91999817,-54.61333466
04-02-2026 12.47,41.6166687,-54.61333466
04-02-2026 12.48,42.39666748,-54.61333466
04-02-2026 12.48,41.35666656,-54.61333466
04-02-2026 12.48,42.30999756,-54.61333466
04-02-2026 12.48,42.35333252,-54.61333466
04-02-2026 12.48,41.6166687,-54.61333466
04-02-2026 12.48,41.40000153,-54.61333466
04-02-2026 12.48,42.30999756,-54.61333466
04-02-2026 12.48,41.79000092,-54.61333466
04-02-2026 12.48,42.00666809,-54.61333466
04-02-2026 12.48,41.3133316,-54.61333466
04-02-2026 12.48,41.57333374,-54.61333466
04-02-2026 12.48,41.13999939,-54.61333466
04-02-2026 12.49,41.26999664,-54.61333466
04-02-2026 12.49,41.13999939,-54.61333466
04-02-2026 12.49,41.18333435,-54.61333466
04-02-2026 12.49,42.04999542,-54.61333466
04-02-2026 12.49,42.13666534,-54.61333466
04-02-2026 12.49,42.00666809,-54.61333466
04-02-2026 12.49,42.13666534,-54.61333466
04-02-2026 12.49,42.13666534,-54.61333466
04-02-2026 12.49,41.83333588,-54.61333466
04-02-2026 12.49,42.00666809,-54.61333466
04-02-2026 12.49,41.13999939,-54.61333466
04-02-2026 12.49,42.04999542,-54.61333466
04-02-2026 12.50,41.91999817,-54.61333466
04-02-2026 12.50,41.01000214,-54.61333466
04-02-2026 12.50,42.04999542,-54.61333466
04-02-2026 12.50,41.26999664,-54.61333466
04-02-2026 12.50,41.48666382,-54.61333466
04-02-2026 12.50,41.6166687,-54.61333466
04-02-2026 12.50,41.01000214,-54.61333466
04-02-2026 12.50,41.05332947,-54.61333466
04-02-2026 12.50,41.79000092,-54.61333466
04-02-2026 12.50,41.87666321,-54.61333466
04-02-2026 12.50,41.09666443,-54.61333466
04-02-2026 12.50,41.40000153,-54.61333466
04-02-2026 12.51,41.48666382,-54.61333466
04-02-2026 12.51,40.96666718,-54.61333466
04-02-2026 12.51,41.79000092,-54.61333466
04-02-2026 12.51,41.83333588,-54.61333466
04-02-2026 12.51,41.83333588,-54.61333466
04-02-2026 12.51,41.44332886,-54.61333466
04-02-2026 12.51,41.79000092,-54.61333466
04-02-2026 12.51,40.96666718,-54.61333466
04-02-2026 12.51,41.18333435,-54.61333466
04-02-2026 12.51,40.75,-54.61333466
04-02-2026 12.51,41.79000092,-54.61333466
04-02-2026 12.51,41.74666595,-54.61333466
04-02-2026 12.52,41.22666931,-54.61333466
04-02-2026 12.52,41.48666382,-54.61333466
04-02-2026 12.52,40.75,-54.61333466
04-02-2026 12.52,40.92333221,-54.61333466
04-02-2026 12.52,41.40000153,-54.61333466
04-02-2026 12.52,41.70333099,-54.61333466
04-02-2026 12.52,41.6166687,-54.61333466
04-02-2026 12.52,41.74666595,-54.61333466
04-02-2026 12.52,41.65999603,-54.61333466
04-02-2026 12.52,41.70333099,-54.61333466
04-02-2026 12.52,41.57333374,-54.61333466
04-02-2026 12.52,41.6166687,-54.61333466
04-02-2026 12.53,40.53333282,-54.61333466
04-02-2026 12.53,40.75,-54.61333466
04-02-2026 12.53,40.48999786,-54.61333466
04-02-2026 12.53,40.83666229,-54.61333466
04-02-2026 12.53,40.53333282,-54.61333466
04-02-2026 12.53,41.09666443,-54.61333466
04-02-2026 12.53,40.75,-54.61333466
04-02-2026 12.53,41.48666382,-54.61333466
04-02-2026 12.53,40.48999786,-54.61333466
04-02-2026 12.53,40.48999786,-54.61333466
04-02-2026 12.53,40.87999725,-54.61333466
04-02-2026 12.53,40.66333008,-54.61333466
04-02-2026 12.54,41.44332886,-54.61333466
04-02-2026 12.54,41.40000153,-54.61333466
04-02-2026 12.54,40.40333557,-54.61333466
04-02-2026 12.54,41.18333435,-54.61333466
04-02-2026 12.54,41.01000214,-54.61333466
04-02-2026 12.54,41.44332886,-54.61333466
04-02-2026 12.54,40.87999725,-54.61333466
04-02-2026 12.54,40.40333557,-54.61333466
04-02-2026 12.54,41.26999664,-54.61333466
04-02-2026 12.54,40.83666229,-54.61333466
04-02-2026 12.54,41.3133316,-54.61333466
04-02-2026 12.54,40.27333069,-54.61333466
04-02-2026 12.55,41.01000214,-54.61333466
04-02-2026 12.55,41.22666931,-54.61333466
04-02-2026 12.55,40.31666565,-54.61333466
04-02-2026 12.55,40.40333557,-54.61333466
04-02-2026 12.55,40.48999786,-54.61333466
04-02-2026 12.55,40.40333557,-54.61333466
04-02-2026 12.55,41.22666931,-54.61333466
04-02-2026 12.55,40.66333008,-54.61333466
04-02-2026 12.55,40.96666718,-54.61333466
04-02-2026 12.55,40.79333496,-54.61333466
04-02-2026 12.55,40.48999786,-54.61333466
04-02-2026 12.55,40.75,-54.61333466
04-02-2026 12.56,40.31666565,-54.61333466
04-02-2026 12.56,40.1866684,-54.61333466
04-02-2026 12.56,40.14333344,-54.61333466
04-02-2026 12.56,40.48999786,-54.61333466
04-02-2026 12.56,40.40333557,-54.61333466
04-02-2026 12.56,40.36000061,-54.61333466
04-02-2026 12.56,40.62000275,-54.61333466
04-02-2026 12.56,40.1866684,-54.61333466
04-02-2026 12.56,40.05666351,-54.61333466
04-02-2026 12.56,40.27333069,-54.61333466
04-02-2026 12.56,40.62000275,-54.61333466
04-02-2026 12.56,40.48999786,-54.61333466
04-02-2026 12.57,41.05332947,-54.61333466
04-02-2026 12.57,40.05666351,-54.61333466
04-02-2026 12.57,40.53333282,-54.61333466
04-02-2026 12.57,40.40333557,-54.61333466
04-02-2026 12.57,39.97000122,-54.61333466
04-02-2026 12.57,39.97000122,-54.61333466
04-02-2026 12.57,40.96666718,-54.61333466
04-02-2026 12.57,40.57666779,-54.61333466
04-02-2026 12.57,40.1866684,-54.61333466
04-02-2026 12.57,40.83666229,-54.61333466
04-02-2026 12.57,39.83999634,-54.61333466
04-02-2026 12.57,40.1866684,-54.61333466
04-02-2026 12.58,39.97000122,-54.61333466
04-02-2026 12.58,39.8833313,-54.61333466
04-02-2026 12.58,39.8833313,-54.61333466
04-02-2026 12.58,40.87999725,-54.61333466
04-02-2026 12.58,40.57666779,-54.61333466
04-02-2026 12.58,39.92666626,-54.61333466
04-02-2026 12.58,40.87999725,-54.61333466
04-02-2026 12.58,40.83666229,-54.61333466
04-02-2026 12.58,39.79666901,-54.61333466
04-02-2026 12.58,40.57666779,-54.61333466
04-02-2026 12.58,39.8833313,-54.61333466
04-02-2026 12.58,39.92666626,-54.61333466
04-02-2026 12.59,40.31666565,-54.61333466
04-02-2026 12.59,39.79666901,-54.61333466
04-02-2026 12.59,40.79333496,-54.61333466
04-02-2026 12.59,40.75,-54.61333466
04-02-2026 12.59,39.97000122,-54.61333466
04-02-2026 12.59,40.75,-54.61333466
04-02-2026 12.59,40.31666565,-54.61333466
04-02-2026 12.59,40.27333069,-54.61333466
04-02-2026 12.59,40.75,-54.61333466
04-02-2026 12.59,40.66333008,-54.61333466
04-02-2026 12.59,40.09999847,-54.61333466
04-02-2026 12.59,39.75333405,-54.61333466
04-02-2026 13.00,39.62332916,-54.61333466
04-02-2026 13.00,39.58000183,-54.61333466
04-02-2026 13.00,40.62000275,-54.61333466
04-02-2026 13.00,39.92666626,-54.61333466
04-02-2026 13.00,40.53333282,-54.61333466
04-02-2026 13.00,40.22999573,-54.61333466
04-02-2026 13.00,40.1866684,-54.61333466
04-02-2026 13.00,40.48999786,-54.61333466
04-02-2026 13.00,40.4466629,-54.61333466
04-02-2026 13.00,39.83999634,-54.61333466
04-02-2026 13.00,40.48999786,-54.61333466
04-02-2026 13.00,39.44999695,-54.61333466
04-02-2026 13.01,39.53666687,-54.61333466
04-02-2026 13.01,40.4466629,-54.61333466
04-02-2026 13.01,39.44999695,-54.61333466
04-02-2026 13.01,40.31666565,-54.61333466
04-02-2026 13.01,39.44999695,-54.61333466
04-02-2026 13.01,39.92666626,-54.61333466
04-02-2026 13.01,39.53666687,-54.61333466
04-02-2026 13.01,39.97000122,-54.61333466
04-02-2026 13.01,40.27333069,-54.61333466
04-02-2026 13.01,40.27333069,-54.61333466
04-02-2026 13.01,40.4466629,-54.61333466
04-02-2026 13.01,39.53666687,-54.61333466
04-02-2026 13.02,40.4466629,-54.61333466
04-02-2026 13.02,39.83999634,-54.61333466
04-02-2026 13.02,40.01333618,-54.61333466
04-02-2026 13.02,39.58000183,-54.61333466
04-02-2026 13.02,39.31999969,-54.61333466
04-02-2026 13.02,39.53666687,-54.61333466
04-02-2026 13.02,39.31999969,-54.61333466
04-02-2026 13.02,40.31666565,-54.61333466
04-02-2026 13.02,39.44999695,-54.61333466
04-02-2026 13.02,40.31666565,-54.61333466
04-02-2026 13.02,39.58000183,-54.61333466
04-02-2026 13.02,40.1866684,-54.61333466
04-02-2026 13.03,39.97000122,-54.61333466
04-02-2026 13.03,39.31999969,-54.61333466
04-02-2026 13.03,39.19000244,-54.61333466
04-02-2026 13.03,39.58000183,-54.61333466
04-02-2026 13.03,39.75333405,-54.61333466
04-02-2026 13.03,39.14666748,-54.61333466
04-02-2026 13.03,40.1866684,-54.61333466
04-02-2026 13.03,40.1866684,-54.61333466
04-02-2026 13.03,39.8833313,-54.61333466
04-02-2026 13.03,39.83999634,-54.61333466
04-02-2026 13.03,39.14666748,-54.61333466
04-02-2026 13.03,39.58000183,-54.61333466
04-02-2026 13.04,39.19000244,-54.61333466
04-02-2026 13.04,39.44999695,-54.61333466
04-02-2026 13.04,39.40666962,-54.61333466
04-02-2026 13.04,39.19000244,-54.61333466
04-02-2026 13.04,39.10333252,-54.61333466
04-02-2026 13.04,39.58000183,-54.61333466
04-02-2026 13.04,40.09999847,-54.61333466
04-02-2026 13.04,40.01333618,-54.61333466
04-02-2026 13.04,39.53666687,-54.61333466
04-02-2026 13.04,39.14666748,-54.61333466
04-02-2026 13.04,39.79666901,-54.61333466
04-02-2026 13.04,38.97333527,-54.61333466
04-02-2026 13.05,39.14666748,-54.61333466
04-02-2026 13.05,39.40666962,-54.61333466
04-02-2026 13.05,39.92666626,-54.61333466
04-02-2026 13.05,39.83999634,-54.61333466
04-02-2026 13.05,39.92666626,-54.61333466
04-02-2026 13.05,39.36333466,-54.61333466
04-02-2026 13.05,39.92666626,-54.61333466
04-02-2026 13.05,39.0166626,-54.61333466
04-02-2026 13.05,39.14666748,-54.61333466
04-02-2026 13.05,38.88666534,-54.61333466
04-02-2026 13.05,39.79666901,-54.61333466
04-02-2026 13.05,39.62332916,-54.61333466
04-02-2026 13.06,38.84333038,-54.61333466
04-02-2026 13.06,39.44999695,-54.61333466
04-02-2026 13.06,38.79999542,-54.61333466
04-02-2026 13.06,38.84333038,-54.61333466
04-02-2026 13.06,39.10333252,-54.61333466
04-02-2026 13.06,39.79666901,-54.61333466
04-02-2026 13.06,39.23332977,-54.61333466
04-02-2026 13.06,39.75333405,-54.61333466
04-02-2026 13.06,39.62332916,-54.61333466
04-02-2026 13.06,38.79999542,-54.61333466
04-02-2026 13.06,38.75666809,-54.61333466
04-02-2026 13.06,38.66999817,-54.61333466
04-02-2026 13.07,39.62332916,-54.61333466
04-02-2026 13.07,38.75666809,-54.61333466
04-02-2026 13.07,39.36333466,-54.61333466
04-02-2026 13.07,39.62332916,-54.61333466
04-02-2026 13.07,39.31999969,-54.61333466
04-02-2026 13.07,39.58000183,-54.61333466
04-02-2026 13.07,38.62666321,-54.61333466
04-02-2026 13.07,38.62666321,-54.61333466
04-02-2026 13.07,39.05999756,-54.61333466
04-02-2026 13.07,39.53666687,-54.61333466
04-02-2026 13.07,38.58333588,-54.61333466
04-02-2026 13.07,38.58333588,-54.61333466
04-02-2026 13.08,39.44999695,-54.61333466
04-02-2026 13.08,39.49333191,-54.61333466
04-02-2026 13.08,39.53666687,-54.61333466
04-02-2026 13.08,39.62332916,-54.61333466
04-02-2026 13.08,39.10333252,-54.61333466
04-02-2026 13.08,39.31999969,-54.61333466
04-02-2026 13.08,38.84333038,-54.61333466
04-02-2026 13.08,39.36333466,-54.61333466
04-02-2026 13.08,39.53666687,-54.61333466
04-02-2026 13.08,39.31999969,-54.61333466
04-02-2026 13.08,38.58333588,-54.61333466
04-02-2026 13.08,39.31999969,-54.61333466
04-02-2026 13.09,38.58333588,-54.61333466
04-02-2026 13.09,39.27666473,-54.61333466
04-02-2026 13.09,38.54000092,-54.61333466
04-02-2026 13.09,38.3666687,-54.61333466
04-02-2026 13.09,38.66999817,-54.61333466
04-02-2026 13.09,38.40999603,-54.61333466
04-02-2026 13.09,38.97333527,-54.61333466
04-02-2026 13.09,39.14666748,-54.61333466
04-02-2026 13.09,39.40666962,-54.61333466
04-02-2026 13.09,38.3666687,-54.61333466
04-02-2026 13.09,38.79999542,-54.61333466
04-02-2026 13.09,39.31999969,-54.61333466
04-02-2026 13.10,38.88666534,-54.61333466
04-02-2026 13.10,38.71333313,-54.61333466
04-02-2026 13.10,38.45333099,-54.61333466
04-02-2026 13.10,38.62666321,-54.61333466
04-02-2026 13.10,38.54000092,-54.61333466
04-02-2026 13.10,38.45333099,-54.61333466
04-02-2026 13.10,38.54000092,-54.61333466
04-02-2026 13.10,38.62666321,-54.61333466
04-02-2026 13.10,39.23332977,-54.61333466
04-02-2026 13.10,38.40999603,-54.61333466
04-02-2026 13.10,38.32333374,-54.61333466
04-02-2026 13.10,39.23332977,-54.61333466
04-02-2026 13.11,38.32333374,-54.61333466
04-02-2026 13.11,38.27999878,-54.61333466
04-02-2026 13.11,38.3666687,-54.61333466
04-02-2026 13.11,38.32333374,-54.61333466
04-02-2026 13.11,39.10333252,-54.61333466
04-02-2026 13.11,38.97333527,-54.61333466
04-02-2026 13.11,39.14666748,-54.61333466
04-02-2026 13.11,38.3666687,-54.61333466
04-02-2026 13.11,38.27999878,-54.61333466
04-02-2026 13.11,38.19332886,-54.61333466
04-02-2026 13.11,39.0166626,-54.61333466
04-02-2026 13.11,38.79999542,-54.61333466
04-02-2026 13.12,39.05999756,-54.61333466
04-02-2026 13.12,39.10333252,-54.61333466
04-02-2026 13.12,38.32333374,-54.61333466
04-02-2026 13.12,38.97333527,-54.61333466
04-02-2026 13.12,38.93000031,-54.61333466
04-02-2026 13.12,39.0166626,-54.61333466
04-02-2026 13.12,38.40999603,-54.61333466
04-02-2026 13.12,38.62666321,-54.61333466
04-02-2026 13.12,38.62666321,-54.61333466
04-02-2026 13.12,37.97666931,-54.61333466
04-02-2026 13.12,38.3666687,-54.61333466
04-02-2026 13.12,39.0166626,-54.61333466
04-02-2026 13.13,38.84333038,-54.61333466
04-02-2026 13.13,38.40999603,-54.61333466
04-02-2026 13.13,38.97333527,-54.61333466
04-02-2026 13.13,38.75666809,-54.61333466
04-02-2026 13.13,38.97333527,-54.61333466
04-02-2026 13.13,37.93333435,-54.61333466
04-02-2026 13.13,38.75666809,-54.61333466
04-02-2026 13.13,38.27999878,-54.61333466
04-02-2026 13.13,38.93000031,-54.61333466
04-02-2026 13.13,38.88666534,-54.61333466
04-02-2026 13.13,38.79999542,-54.61333466
04-02-2026 13.13,38.84333038,-54.61333466
04-02-2026 13.14,38.01999664,-54.61333466
04-02-2026 13.14,38.40999603,-54.61333466
04-02-2026 13.14,38.27999878,-54.61333466
04-02-2026 13.14,37.93333435,-54.61333466
04-02-2026 13.14,38.49666595,-54.61333466
04-02-2026 13.14,38.79999542,-54.61333466
04-02-2026 13.14,38.75666809,-54.61333466
04-02-2026 13.14,37.84666443,-54.61333466
04-02-2026 13.14,38.79999542,-54.61333466
04-02-2026 13.14,37.71666718,-54.61333466
04-02-2026 13.14,38.75666809,-54.61333466
04-02-2026 13.14,37.76000214,-54.61333466
04-02-2026 13.15,38.32333374,-54.61333466
04-02-2026 13.15,37.76000214,-54.61333466
04-02-2026 13.15,38.23666382,-54.61333466
04-02-2026 13.15,38.58333588,-54.61333466
04-02-2026 13.15,37.67333221,-54.61333466
04-02-2026 13.15,38.54000092,-54.61333466
04-02-2026 13.15,38.10666656,-54.61333466
04-02-2026 13.15,38.62666321,-54.61333466
04-02-2026 13.15,38.66999817,-54.61333466
04-02-2026 13.15,37.76000214,-54.61333466
04-02-2026 13.15,37.71666718,-54.61333466
04-02-2026 13.15,38.66999817,-54.61333466
04-02-2026 13.16,38.45333099,-54.61333466
04-02-2026 13.16,37.58666229,-54.61333466
04-02-2026 13.16,38.62666321,-54.61333466
04-02-2026 13.16,38.0633316,-54.61333466
04-02-2026 13.16,38.23666382,-54.61333466
04-02-2026 13.16,38.58333588,-54.61333466
04-02-2026 13.16,37.58666229,-54.61333466
04-02-2026 13.16,38.0633316,-54.61333466
04-02-2026 13.16,38.01999664,-54.61333466
04-02-2026 13.16,38.54000092,-54.61333466
04-02-2026 13.16,37.93333435,-54.61333466
04-02-2026 13.16,38.23666382,-54.61333466
04-02-2026 13.17,38.54000092,-54.61333466
04-02-2026 13.17,37.62999725,-54.61333466
04-02-2026 13.17,38.45333099,-54.61333466
04-02-2026 13.17,37.45666504,-54.61333466
04-02-2026 13.17,37.41333008,-54.61333466
04-02-2026 13.17,38.10666656,-54.61333466
04-02-2026 13.17,37.45666504,-54.61333466
04-02-2026 13.17,37.84666443,-54.61333466
04-02-2026 13.17,37.54333496,-54.61333466
04-02-2026 13.17,37.80332947,-54.61333466
04-02-2026 13.17,37.5,-54.61333466
04-02-2026 13.17,37.84666443,-54.61333466
04-02-2026 13.18,37.76000214,-54.61333466
04-02-2026 13.18,38.01999664,-54.61333466
04-02-2026 13.18,37.58666229,-54.61333466
04-02-2026 13.18,37.32666779,-54.61333466
04-02-2026 13.18,37.41333008,-54.61333466
04-02-2026 13.18,37.84666443,-54.61333466
04-02-2026 13.18,37.88999939,-54.61333466
04-02-2026 13.18,37.32666779,-54.61333466
04-02-2026 13.18,37.62999725,-54.61333466
04-02-2026 13.18,37.32666779,-54.61333466
04-02-2026 13.18,37.93333435,-54.61333466
04-02-2026 13.18,37.28333282,-54.61333466
04-02-2026 13.19,38.19332886,-54.61333466
04-02-2026 13.19,38.27999878,-54.61333466
04-02-2026 13.19,38.27999878,-54.61333466
04-02-2026 13.19,38.10666656,-54.61333466
04-02-2026 13.19,38.15000153,-54.61333466
